t5_37jgj,t2_5n64zxm8,27
t5_37jgj,t2_cg7jgcwh,9
t5_37jgj,t2_ulib09pp,3050
t5_37jgj,t2_9wkbh6bs,31
t5_37jgj,t2_rp6ww,2235
t5_37jgj,t2_8pqx08dm,2703
t5_37jgj,t2_c777eowf,213
t5_37jgj,t2_54e39,3127
t5_37jgj,t2_ax5ierpr,4677
t5_37jgj,t2_tp4n241s,2345
t5_37jgj,t2_he2bq5xsb,2201
t5_37jgj,t2_5pikd7nh,924
t5_37jgj,t2_8ihxazi7,272
t5_37jgj,t2_dq7ro5cv,1499
t5_37jgj,t2_b23rau18,1
t5_37jgj,t2_mvr1nj3k,2
t5_37jgj,t2_nnnfzvow,2
t5_37jgj,t2_f3xrb,43
t5_37jgj,t2_9a53yiov,1095
t5_37jgj,t2_batotiyp,242
t5_37jgj,t2_dfc1pexk,2026
t5_37jgj,t2_tlel8el3,1
t5_37jgj,t2_u3lumbwu,905
t5_37jgj,t2_1m6e05f,119
t5_37jgj,t2_82ilxdvl,241
t5_37jgj,t2_a46w982lo,2981
t5_37jgj,t2_cy28qlhze,1660
t5_37jgj,t2_n3mkm,17
t5_37jgj,t2_cnzylkm4,177
t5_37jgj,t2_6yxsb,2766
t5_37jgj,t2_9kut7,1549
t5_37jgj,t2_vz7wp,710
t5_37jgj,t2_d78qfvm,295
t5_37jgj,t2_26iar3e4,1792
t5_37jgj,t2_3vgi5wmr,940
t5_37jgj,t2_4r9gpvmm,2455
t5_37jgj,t2_5k96hj3h,332
t5_37jgj,t2_7a50dm3i,5638
t5_37jgj,t2_8x9u7sa5,2314
t5_37jgj,t2_9dh2k03g,139
t5_37jgj,t2_ac4s8rai,1346
t5_37jgj,t2_au2td5sa,1725
t5_37jgj,t2_ca6frfbh,230
t5_37jgj,t2_f6umtdmf,531
t5_37jgj,t2_j82leq1x,1229
t5_37jgj,t2_nuv8kkab,777
t5_37jgj,t2_sglu6dyf,3408
t5_37jgj,t2_t35v96pd,2272
t5_37jgj,t2_wacd7c9o,2031
t5_37jgj,t2_7q1bkm0jl,2167
t5_37jgj,t2_86o5j0j7v,246
t5_37jgj,t2_deh5r1xsd,465
t5_37jgj,t2_f90z8qejw,73
t5_37jgj,t2_grl4tzbxm,589
t5_37jgj,t2_gtdm4qwr0,162
t5_37jgj,t2_gty55t1ze,1907
t5_37jgj,t2_gwuuxvz1p,1
t5_37jgj,t2_cb1mv,14
t5_37jgj,t2_130uai,1386
t5_37jgj,t2_qny6rng,2034
t5_37jgj,t2_9njwwa4o,169
t5_37jgj,t2_ayo5f8ti,-1
t5_37jgj,t2_c6d7b7il,453
t5_37jgj,t2_dzkt9g6z,585
t5_37jgj,t2_fivqwx7a,2459
t5_37jgj,t2_s1s3izp8,768
t5_37jgj,t2_9pjtuvwgx,522
t5_37jgj,t2_hs2vzgcwd,35
t5_37jgj,t2_21i1m,0
t5_37jgj,t2_379pp,1
t5_37jgj,t2_p1bmj,705
t5_37jgj,t2_yif3yej,42
t5_37jgj,t2_2p5yy5qn,1
t5_37jgj,t2_bnd6030n,2
t5_37jgj,t2_hdk8qm7t,12
t5_37jgj,t2_tgux7qtc,18
t5_37jgj,t2_33rnze7v,7
t5_37jgj,t2_9ldhya8v,221
t5_37jgj,t2_dinn55yq,1
t5_37jgj,t2_eiryazxa,403
t5_37jgj,t2_fvaqzk8q,2
t5_37jgj,t2_j77e40f28,215
t5_37jgj,t2_5cbgnzha,10
t5_37jgj,t2_bhaieyir,57
t5_37jgj,t2_ujduykdg,147
t5_37jgj,t2_11c3tw,1332
t5_37jgj,t2_ac4xwz7m,2021
t5_37jgj,t2_emqfb7ih,188
t5_37jgj,t2_9jd32,2275
t5_37jgj,t2_bhahqp62,1
t5_37jgj,t2_9o6lpjl5,99
t5_37jgj,t2_a0vske45,15
t5_37jgj,t2_civgmnjf,276
t5_37jgj,t2_cupjvaom,4
t5_37jgj,t2_4n2h5,22
t5_37jgj,t2_bo6d3,2762
t5_37jgj,t2_2lpq0dja,1
t5_37jgj,t2_w2b9ursp,587
t5_37jgj,t2_rmoar,111
t5_37jgj,t2_f1aas,7
t5_37jgj,t2_9qhbuoha,36
t5_37jgj,t2_cepqglkc,2473
t5_37jgj,t2_jsfqfqb7,1
t5_37jgj,t2_3vjptjlf2,1
t5_37jgj,t2_gd2cc5dp,1540
t5_37jgj,t2_4r7d40d,367
t5_37jgj,t2_jnm1ecmq,90
t5_37jgj,t2_hhmeay880,8
t5_37jgj,t2_h1mei,87
t5_37jgj,t2_1ys7smur,80
t5_37jgj,t2_3w4ttdin,11
t5_37jgj,t2_4f31v3ch,272
t5_37jgj,t2_5a0uehb3,964
t5_37jgj,t2_630czt9j,322
t5_37jgj,t2_7moo9q7y,1705
t5_37jgj,t2_59wwweb71,39
t5_37jgj,t2_isogfwso0,135
t5_37jgj,t2_7xtgbscn,1
t5_37jgj,t2_a8bdlmah,2
t5_37jgj,t2_adlftact,3
t5_37jgj,t2_b6zgo48m,1
t5_37jgj,t2_d1iwt28e,-1
t5_37jgj,t2_d8ih6lqf,1
t5_37jgj,t2_dmo5n7z3,1
t5_37jgj,t2_dmykg5zm,1
t5_37jgj,t2_e3cirwhu,1
t5_37jgj,t2_e5y2oa12,1
t5_37jgj,t2_e6bkopby,3
t5_37jgj,t2_ebel2d10,1
t5_37jgj,t2_efrdtlxb,3
t5_37jgj,t2_ejloxx52,1
t5_37jgj,t2_f0ijr9zh,1
t5_37jgj,t2_fb5bid1d,1
t5_37jgj,t2_fbryd6nx,2
t5_37jgj,t2_fl6i4jo6,2
t5_37jgj,t2_fm2tzr58,2
t5_37jgj,t2_g4jn5659,2
t5_37jgj,t2_g7mhr8za,1
t5_37jgj,t2_h7fpxp9o,1
t5_37jgj,t2_hf1egt0v,1
t5_37jgj,t2_j82jimtx,1
t5_37jgj,t2_jkne2zmg,1
t5_37jgj,t2_jks93atc,-1
t5_37jgj,t2_jrqfxr37,2
t5_37jgj,t2_ju3ls7ag,1
t5_37jgj,t2_kismpatm,19
t5_37jgj,t2_lqntkqg5,1
t5_37jgj,t2_mquif37c,2
t5_37jgj,t2_n0wmeeae,4
t5_37jgj,t2_n5zuv1nw,2
t5_37jgj,t2_nqhg9dsf,1
t5_37jgj,t2_ot25svtk,3
t5_37jgj,t2_p8mb7nkk,4
t5_37jgj,t2_sgyqwbsn,3
t5_37jgj,t2_tsba6r3n,1
t5_37jgj,t2_u12bc7sk,3
t5_37jgj,t2_u94pubtj,5
t5_37jgj,t2_uzphrczb,2
t5_37jgj,t2_vhy0s55p,1
t5_37jgj,t2_a4gc47j29,172
t5_37jgj,t2_glyom368c,493
t5_37jgj,t2_icr68wq3v,1
t5_37jgj,t2_j1nzc7417,2
t5_37jgj,t2_n0fq8yjn,1
t5_37jgj,t2_j595x,1
t5_37jgj,t2_99ek09k,66
t5_37jgj,t2_stsbafz,1277
t5_37jgj,t2_59u1ku0g,68
t5_37jgj,t2_83h7ygh9,1
t5_37jgj,t2_bg6td48q,1
t5_37jgj,t2_bv7dwwgj,2
t5_37jgj,t2_d4yknybj,0
t5_37jgj,t2_eafxlc21,2
t5_37jgj,t2_ebhh559g,1
t5_37jgj,t2_egb9ajlg,2
t5_37jgj,t2_f0z6680l,3
t5_37jgj,t2_f4i72lqe,2
t5_37jgj,t2_foinxk6d,2
t5_37jgj,t2_k0n9x3kb,1
t5_37jgj,t2_ms98q3ka,3
t5_37jgj,t2_ucfv0zi2,1
t5_37jgj,t2_v3396dx7,1
t5_37jgj,t2_icpsr1a23,3
t5_37jgj,t2_ie5fbavca,140
t5_37jgj,t2_j3mis13kf,608
t5_37jgj,t2_a6id5p26l,1322
t5_37jgj,t2_batpzhzw,75
t5_37jgj,t2_8qkszpn8,3964
t5_37jgj,t2_gnsqy0ao,155
t5_37jgj,t2_c3ivbqxpn,93
t5_37jgj,t2_6klyv2,2
t5_37jgj,t2_3sfg6ijd,451
t5_37jgj,t2_5ao199tu,495
t5_37jgj,t2_43lmt0eus,6
t5_37jgj,t2_jh8yqole3,533
t5_37jgj,t2_q7ylbxp,1
t5_37jgj,t2_52lqj82b,904
t5_37jgj,t2_dee02wqp,2
t5_37jgj,t2_ghsefsk2,2
t5_37jgj,t2_kpr0z90z,2
t5_37jgj,t2_slzv57zx,5
t5_37jgj,t2_tpirts05,4
t5_37jgj,t2_v9ylt6d8,2
t5_37jgj,t2_xao30,34
t5_37jgj,t2_na708h9,22
t5_37jgj,t2_8b7dl,114
t5_37jgj,t2_bymks,207
t5_37jgj,t2_dj9xv,2437
t5_37jgj,t2_emi2v,92
t5_37jgj,t2_fc4uw,30
t5_37jgj,t2_gaqmz,285
t5_37jgj,t2_hngnj,602
t5_37jgj,t2_ic4ig,418
t5_37jgj,t2_ioum7,6
t5_37jgj,t2_j5pyf,159
t5_37jgj,t2_j8wu8,178
t5_37jgj,t2_jhzg7,865
t5_37jgj,t2_kblzp,303
t5_37jgj,t2_osass,224
t5_37jgj,t2_qnwp3,7
t5_37jgj,t2_sb4qo,809
t5_37jgj,t2_tacvc,781
t5_37jgj,t2_xuecl,54
t5_37jgj,t2_zhctd,1052
t5_37jgj,t2_10a2s4,26
t5_37jgj,t2_13tbue,73
t5_37jgj,t2_14mn7l,28
t5_37jgj,t2_15allh,3
t5_37jgj,t2_vukd0a,10
t5_37jgj,t2_7jfnczg,414
t5_37jgj,t2_dgmhmdl,818
t5_37jgj,t2_tm0ugms,27
t5_37jgj,t2_yrv3q4u,19
t5_37jgj,t2_11c3hote,18
t5_37jgj,t2_17w7xdom,26
t5_37jgj,t2_25tvu51r,678
t5_37jgj,t2_32kpc6et,2270
t5_37jgj,t2_34w524el,260
t5_37jgj,t2_3kvkihbw,629
t5_37jgj,t2_4cq1odes,2696
t5_37jgj,t2_5buhx3bz,66
t5_37jgj,t2_5x17ix58,24
t5_37jgj,t2_73qat6x5,18
t5_37jgj,t2_7fazg5rh,95
t5_37jgj,t2_7xq0otxy,772
t5_37jgj,t2_7z1kxoex,280
t5_37jgj,t2_8j1ehmpd,1164
t5_37jgj,t2_8jjrdooa,9
t5_37jgj,t2_8x9v9b06,155
t5_37jgj,t2_9gpjl1jj,4434
t5_37jgj,t2_9har3qpa,282
t5_37jgj,t2_9qu28cmd,61
t5_37jgj,t2_acpjz1vv,83
t5_37jgj,t2_b7135nwp,660
t5_37jgj,t2_brre2j11,119
t5_37jgj,t2_c6cf64m3,18
t5_37jgj,t2_cbjz8ot9,859
t5_37jgj,t2_d7atvq0e,184
t5_37jgj,t2_dg8lv4ra,470
t5_37jgj,t2_djqrwke7,94
t5_37jgj,t2_dwkyhp3z,206
t5_37jgj,t2_huro5kas,674
t5_37jgj,t2_k2tcbacc,87
t5_37jgj,t2_ko79fwmf,9
t5_37jgj,t2_ltamzg26,24
t5_37jgj,t2_nbchu4oe,0
t5_37jgj,t2_pz1povfi,4185
t5_37jgj,t2_r4noadj9,14
t5_37jgj,t2_u5uj18gq,148
t5_37jgj,t2_uecpbjym,370
t5_37jgj,t2_uhh0beyn,268
t5_37jgj,t2_vhohq9ug,1
t5_37jgj,t2_vuhbxcfb,577
t5_37jgj,t2_w6v6bb5w,96
t5_37jgj,t2_wartn8od,3
t5_37jgj,t2_4a8qxq5od,987
t5_37jgj,t2_70ur3y2i9,52
t5_37jgj,t2_8r27x5dfl,6615
t5_37jgj,t2_9dcemxxzj,2
t5_37jgj,t2_ckuyy6ib3,1
t5_37jgj,t2_etzxist3g,183
t5_37jgj,t2_fxhyicvgh,9
t5_37jgj,t2_go6ayf7z5,113
t5_37jgj,t2_hrubauerk,569
t5_37jgj,t2_icx82ha96,127
t5_37jgj,t2_im5ju8si2,209
t5_37jgj,t2_jzyl5exwh,20
t5_37jgj,t2_3oxp068b,87
t5_37jgj,t2_5njojgim,61
t5_37jgj,t2_9xycr0px,8
t5_37jgj,t2_b0sss23c,1
t5_37jgj,t2_3h0oa,2
t5_37jgj,t2_7iducuq5,2
t5_37jgj,t2_68atoapa,2
t5_37jgj,t2_8tcsko31,-2
t5_37jgj,t2_5rsc6i3f,68
t5_37jgj,t2_2wc7owp7,25
t5_37jgj,t2_3so708z2,71
t5_37jgj,t2_53e860la,95
t5_37jgj,t2_80wmsoe7,8
t5_37jgj,t2_c0fod00k,88
t5_37jgj,t2_c16xr9pw,47
t5_37jgj,t2_stt95u0p,34
t5_37jgj,t2_v8w63ch1,4
t5_37jgj,t2_5klry,75
t5_37jgj,t2_vmcsd1qa,192
t5_37jgj,t2_14n6nt,4
t5_37jgj,t2_ipm6iuh3,178
t5_37jgj,t2_twrec9c6,1
t5_37jgj,t2_txstsr68,1
t5_37jgj,t2_1063zf,18
t5_37jgj,t2_du08lmf1,49
t5_37jgj,t2_6cw7uz1s,62
t5_37jgj,t2_86kypb6k,215
t5_37jgj,t2_90xtc1sd,3
t5_37jgj,t2_ddkalmkwg,2
t5_37jgj,t2_z92gv,46
t5_37jgj,t2_4h7joqi,160
t5_37jgj,t2_eu0izkdb,0
t5_37jgj,t2_kvug4ehz,552
t5_37jgj,t2_41vqx,41
t5_37jgj,t2_bk2wqjsbv,262
t5_37jgj,t2_s70y7,35
t5_37jgj,t2_crhvgccc,3
t5_37jgj,t2_625hr,1
t5_37jgj,t2_6e17v,-31
t5_37jgj,t2_x8j9a,1
t5_37jgj,t2_ehko6nv,91
t5_37jgj,t2_1ej14nng,177
t5_37jgj,t2_4jgpkoth,7
t5_37jgj,t2_5ro3wt7m,1
t5_37jgj,t2_7sob1v92,4
t5_37jgj,t2_83n3qzwl,1
t5_37jgj,t2_9ds7x8c6,1
t5_37jgj,t2_9w5pq953,1
t5_37jgj,t2_ab1dkob8,1
t5_37jgj,t2_ac0l0gjn,1
t5_37jgj,t2_ar27k1e6,1
t5_37jgj,t2_b1c86fxu,1
t5_37jgj,t2_bntrj8rq,2
t5_37jgj,t2_cljxg8ps,1
t5_37jgj,t2_d5bz3394,1
t5_37jgj,t2_dhgjsy3g,1
t5_37jgj,t2_dmh7n1qx,1
t5_37jgj,t2_dnnthv2t,1
t5_37jgj,t2_e3o6n6or,-1
t5_37jgj,t2_ebknzbg9,3
t5_37jgj,t2_egfm91yn,3
t5_37jgj,t2_eqh1a8gn,1
t5_37jgj,t2_eu93sq2f,1
t5_37jgj,t2_f3g52jiz,0
t5_37jgj,t2_f611tneg,1
t5_37jgj,t2_fe10sijb,1
t5_37jgj,t2_fk7dh951,4
t5_37jgj,t2_focfokpb,3
t5_37jgj,t2_fow2wwna,1
t5_37jgj,t2_ftmu9xhk,1
t5_37jgj,t2_g9ih7zh3,1
t5_37jgj,t2_h7yqc0xm,1
t5_37jgj,t2_i98ppnza,1
t5_37jgj,t2_l3qutyjt,8
t5_37jgj,t2_lse9q3bn,1
t5_37jgj,t2_moqvhel8,1
t5_37jgj,t2_myy5etlu,1
t5_37jgj,t2_rmrt1gzm,2
t5_37jgj,t2_tjor7poh,120
t5_37jgj,t2_ttlwl8ud,2
t5_37jgj,t2_tyvi7tvv,3
t5_37jgj,t2_ukqsh9l0,2
t5_37jgj,t2_uyv0yrkl,1
t5_37jgj,t2_uzs2a6an,4
t5_37jgj,t2_v8qxphz1,2
t5_37jgj,t2_vcp7ihup,1
t5_37jgj,t2_vdpls1fe,1
t5_37jgj,t2_vknhqcot,2
t5_37jgj,t2_g8aud18v5,13
t5_37jgj,t2_iw8rpjnt9,128
t5_37jgj,t2_f42eq0l,2
t5_37jgj,t2_16xgvvzc,67
t5_37jgj,t2_94uxci90,21
t5_37jgj,t2_a0w6j8sj,88
t5_37jgj,t2_c8l6eqxz,1
t5_37jgj,t2_hzg9c61b4,161
t5_37jgj,t2_f041u,1
t5_37jgj,t2_2ht15okv,3
t5_37jgj,t2_c9dpmsvs,2
t5_37jgj,t2_c9ezph1j,10
t5_37jgj,t2_vmmjxhb1,83
t5_37jgj,t2_l85k0pd7,196
t5_37jgj,t2_15nb73,17
t5_37jgj,t2_112s26,41
t5_37jgj,t2_66kgfihd,1
t5_37jgj,t2_g3l1o,80
t5_37jgj,t2_6azlv,7
t5_37jgj,t2_h5t0w,122
t5_37jgj,t2_713yo0ge,3
t5_37jgj,t2_9n3usqsc,1
t5_37jgj,t2_ag5dj5zh,3
t5_37jgj,t2_anmby0ug,1
t5_37jgj,t2_ao556j5h,1
t5_37jgj,t2_bqsgi1cb,1
t5_37jgj,t2_ci2jrjp7,2
t5_37jgj,t2_cs51qfme,1
t5_37jgj,t2_d26p4258,16
t5_37jgj,t2_dkoelmsr,12
t5_37jgj,t2_dlv0tktd,1
t5_37jgj,t2_dmrhu7g2,1
t5_37jgj,t2_e4fstwcp,2
t5_37jgj,t2_ed6zxakb,2
t5_37jgj,t2_eemin76u,2
t5_37jgj,t2_el9wcwqi,1
t5_37jgj,t2_emtc35ub,1
t5_37jgj,t2_eu58k3gn,2
t5_37jgj,t2_eyj68eww,2
t5_37jgj,t2_f2ddtyl9,1
t5_37jgj,t2_f3xaqgfs,1
t5_37jgj,t2_f949nifu,3
t5_37jgj,t2_fif627mm,3
t5_37jgj,t2_fiq6tvd1,1
t5_37jgj,t2_fwrkgkr7,1
t5_37jgj,t2_gch1nwb4,2
t5_37jgj,t2_ge250wb5,3
t5_37jgj,t2_gkc5o15s,1
t5_37jgj,t2_gli68ims,1
t5_37jgj,t2_huou61cx,4
t5_37jgj,t2_i49zmyz3,1
t5_37jgj,t2_j0b7yfj9,1
t5_37jgj,t2_jm8m8xis,2
t5_37jgj,t2_jza2ujyv,1
t5_37jgj,t2_k779jm09,1
t5_37jgj,t2_lx4ulb35,0
t5_37jgj,t2_lzh5j7uf,1
t5_37jgj,t2_n4api1ck,2
t5_37jgj,t2_nzpzq6yd,0
t5_37jgj,t2_rpjb21t6,6
t5_37jgj,t2_siau1vlu,3
t5_37jgj,t2_truijvee,1
t5_37jgj,t2_ttgkrfnq,1
t5_37jgj,t2_tyko3p5r,2
t5_37jgj,t2_ua13imke,2
t5_37jgj,t2_ubjujnho,1
t5_37jgj,t2_us8r56yn,1
t5_37jgj,t2_v8mqopxc,1
t5_37jgj,t2_vbhlfrzx,1
t5_37jgj,t2_vbj96cek,1
t5_37jgj,t2_vciwxdxb,1
t5_37jgj,t2_7gezdvvwg,13
t5_37jgj,t2_fnwlt8tgh,163
t5_37jgj,t2_pnzwxy9,5
t5_37jgj,t2_adbs3efj,1
t5_37jgj,t2_bqeegog7,1
t5_37jgj,t2_efk4qdx5,1
t5_37jgj,t2_ejtdurw8,1
t5_37jgj,t2_embz5238,1
t5_37jgj,t2_fnyz5n47,3
t5_37jgj,t2_mpzza93k,3
t5_37jgj,t2_toclaqo3,1
t5_37jgj,t2_v1qkow3w,2
t5_37jgj,t2_2405c6hd,28
t5_37jgj,t2_6ema7rwh,1
t5_37jgj,t2_a7rgpauw,2
t5_37jgj,t2_acaylgnd,1
t5_37jgj,t2_elyalflu,1
t5_37jgj,t2_eo94qq0j,2
t5_37jgj,t2_gutmagrz,2
t5_37jgj,t2_qo2yfx4b,1
t5_37jgj,t2_tputldey,-1
t5_37jgj,t2_tr2vuqxe,2
t5_37jgj,t2_6za07vyc,80
t5_37jgj,t2_w8c9jvxu,0
t5_37jgj,t2_ahhs2,2
t5_37jgj,t2_b5w6c,7
t5_37jgj,t2_dzbuo,79
t5_37jgj,t2_k9g3t,50
t5_37jgj,t2_sxfut,9
t5_37jgj,t2_x8ly0,2949
t5_37jgj,t2_155nk2,31
t5_37jgj,t2_cu4ww89,151
t5_37jgj,t2_1cncbagm,5
t5_37jgj,t2_2qpe6izg,888
t5_37jgj,t2_2zlu9rbr,14
t5_37jgj,t2_4u0nbpf3,464
t5_37jgj,t2_5t0ppu3s,317
t5_37jgj,t2_6i7hwgd8,28
t5_37jgj,t2_7z64gzaf,349
t5_37jgj,t2_8mmqr853,64
t5_37jgj,t2_ae4tg4jx,35
t5_37jgj,t2_bwgrl9x7,13
t5_37jgj,t2_eu0n628x,17
t5_37jgj,t2_la86h3zb,-1
t5_37jgj,t2_sbyb3wiw,292
t5_37jgj,t2_vp48ff90,19
t5_37jgj,t2_5cqgvnfbu,157
t5_37jgj,t2_7fckejup6,1638
t5_37jgj,t2_9hzok1tm4,239
t5_37jgj,t2_g2fjzg6jw,254
t5_37jgj,t2_g7b0ofh3f,21
t5_37jgj,t2_hfvbxtdsw,27
t5_37jgj,t2_4jw5y44h,1
t5_37jgj,t2_w8x6ht6l,0
t5_37jgj,t2_8fajhkha,119
t5_37jgj,t2_b7ssx,2
t5_37jgj,t2_13i3g3,30
t5_37jgj,t2_4ezny17t,59
t5_37jgj,t2_8it5kf60,3
t5_37jgj,t2_gfoekjsq,18
t5_37jgj,t2_jry0sltey,6
t5_37jgj,t2_cy45bvlt,960
t5_37jgj,t2_2pfanej,2
t5_37jgj,t2_457j1,35
t5_37jgj,t2_9mgzxxz,4
t5_37jgj,t2_1kl8o6fj,12
t5_37jgj,t2_6mmeqfif,2
t5_37jgj,t2_b3bc4lv4,4
t5_37jgj,t2_bhw37q6j,2
t5_37jgj,t2_bry02gtm,0
t5_37jgj,t2_eng50zvm,32
t5_37jgj,t2_rvuxxv30,2
t5_37jgj,t2_a3zswfod,45
t5_37jgj,t2_1safpv9r,6
t5_37jgj,t2_7zdxr64z,0
t5_37jgj,t2_a25lb89q,6
t5_37jgj,t2_a5i6ldmc,1
t5_37jgj,t2_ajtsigwu,4
t5_37jgj,t2_asillp9k,3
t5_37jgj,t2_cyvuszum,1
t5_37jgj,t2_d359b1fs,1
t5_37jgj,t2_e5weexs5,1
t5_37jgj,t2_e9jmjir1,1
t5_37jgj,t2_e9sm9vze,1
t5_37jgj,t2_ea1mxk5o,1
t5_37jgj,t2_futofygd,1
t5_37jgj,t2_fzoer8db,1
t5_37jgj,t2_gc5fn244,2
t5_37jgj,t2_gcnukblj,0
t5_37jgj,t2_jkyp6snz,0
t5_37jgj,t2_lctjjwx6,1
t5_37jgj,t2_nprtd362,3
t5_37jgj,t2_nst4fwla,1
t5_37jgj,t2_t42tm2tq,1
t5_37jgj,t2_uafskjuz,3
t5_37jgj,t2_uy16s1nj,1
t5_37jgj,t2_vbld3p73,1
t5_37jgj,t2_zomrg,134
t5_37jgj,t2_6pl7kwsk,3
t5_37jgj,t2_cd4zspjh,5
t5_37jgj,t2_10u76g,14
t5_37jgj,t2_djadkd8i4,1
t5_37jgj,t2_407kc0in,7
t5_37jgj,t2_gm11c9ft7,588
t5_37jgj,t2_4n0py3j3,5
t5_37jgj,t2_flf3r7iz,21
t5_37jgj,t2_rznelnyu,20
t5_37jgj,t2_dqr74og80,1564
t5_37jgj,t2_9wfgrlkb,1
t5_37jgj,t2_kqhfqzg2,3
t5_37jgj,t2_lws08t1m,2
t5_37jgj,t2_vmlxftdm,1
t5_37jgj,t2_c0o8qmibu,15
t5_37jgj,t2_thx7ffdx,0
t5_37jgj,t2_qbyg4,4
t5_37jgj,t2_9x4sl6bj,68
t5_37jgj,t2_4balqk7de,8
t5_37jgj,t2_s356acor,17
t5_37jgj,t2_e7epy5t4,26
t5_37jgj,t2_62vtr35b,-2
t5_37jgj,t2_15er9i,213
t5_37jgj,t2_ockm1gu,77
t5_37jgj,t2_q5mionj,30
t5_37jgj,t2_1i2sxb94,2
t5_37jgj,t2_6iofs9a4,1
t5_37jgj,t2_7q331wlw,11
t5_37jgj,t2_8a3jbym5,2
t5_37jgj,t2_8we18npb,646
t5_37jgj,t2_95cyg7qm,6
t5_37jgj,t2_9fyvqtd7,72
t5_37jgj,t2_9harsoxd,55
t5_37jgj,t2_aa6u57wd,3
t5_37jgj,t2_ab9x839t,1
t5_37jgj,t2_ahtawhi1,2
t5_37jgj,t2_alxkfi72,2
t5_37jgj,t2_b2z0phrx,2
t5_37jgj,t2_b7ithjx0,2
t5_37jgj,t2_b95flftc,1
t5_37jgj,t2_bjgurs5m,4
t5_37jgj,t2_bsi11tbv,234
t5_37jgj,t2_btvxxwm0,1
t5_37jgj,t2_bz8xl1gt,0
t5_37jgj,t2_cafagiy6,2
t5_37jgj,t2_cbndbhgv,15
t5_37jgj,t2_cdrqzs4z,11
t5_37jgj,t2_co52o6va,17
t5_37jgj,t2_czuufh79,1
t5_37jgj,t2_d5s8bigi,1
t5_37jgj,t2_d88u5jje,1
t5_37jgj,t2_dfvpbdok,1
t5_37jgj,t2_dj74p8a0,1
t5_37jgj,t2_dkft0pf5,1
t5_37jgj,t2_dkle7kw2,1
t5_37jgj,t2_e6omqwb2,1
t5_37jgj,t2_egt49cua,1
t5_37jgj,t2_elwz2r5y,1
t5_37jgj,t2_erkw0q4m,1
t5_37jgj,t2_evkgrz5e,4
t5_37jgj,t2_ewzidx9u,2
t5_37jgj,t2_fiqu8dod,2
t5_37jgj,t2_fj8y0sua,1
t5_37jgj,t2_fll2lo2u,1
t5_37jgj,t2_g4eg9vm9,2
t5_37jgj,t2_g625mypw,0
t5_37jgj,t2_gi1vv5yu,1
t5_37jgj,t2_giy7od28,1
t5_37jgj,t2_grqbira5,1
t5_37jgj,t2_h2j2arih,1
t5_37jgj,t2_h7btxglr,1
t5_37jgj,t2_hwjira8f,1
t5_37jgj,t2_iic95h6z,-1
t5_37jgj,t2_j9vsfnhj,1975
t5_37jgj,t2_jwwujd1m,1
t5_37jgj,t2_lshcfv2a,1
t5_37jgj,t2_mt4vletv,3
t5_37jgj,t2_n4zuvqtl,2
t5_37jgj,t2_oht60twq,1
t5_37jgj,t2_oln9hehp,1
t5_37jgj,t2_p72nvth1,0
t5_37jgj,t2_qkkk095t,2
t5_37jgj,t2_spqayaog,1
t5_37jgj,t2_t52nxtub,0
t5_37jgj,t2_tsdx4f5a,1
t5_37jgj,t2_u5790gvt,3
t5_37jgj,t2_uf64sh45,1
t5_37jgj,t2_ugq3m9h4,1
t5_37jgj,t2_uhysnxwa,2
t5_37jgj,t2_ulizixwh,1
t5_37jgj,t2_um2o9tam,1
t5_37jgj,t2_uph6z8qh,1
t5_37jgj,t2_usvco6o1,0
t5_37jgj,t2_uu6g3kwg,4
t5_37jgj,t2_v03ciz9r,2
t5_37jgj,t2_vg1n72ai,3
t5_37jgj,t2_vitbhm3b,1
t5_37jgj,t2_vrdrwg6k,6
t5_37jgj,t2_85eyob7sx,134
t5_37jgj,t2_d114yu7n3,3
t5_37jgj,t2_iezdohgzx,2
t5_37jgj,t2_jx57t9rfu,8
t5_37jgj,t2_he20z5mi2,20
t5_37jgj,t2_go0qq,16
t5_37jgj,t2_l7srh,3
t5_37jgj,t2_169nkl,9
t5_37jgj,t2_5e63cyf,-1
t5_37jgj,t2_t4cpkq3,0
t5_37jgj,t2_8ythw48g,34
t5_37jgj,t2_bn533ynv,4
t5_37jgj,t2_thzyjwrm,5
t5_37jgj,t2_ubatpmj6,128
t5_37jgj,t2_v769xgbo,2
t5_37jgj,t2_56osldpd,0
t5_37jgj,t2_hvjipyiq,2
t5_37jgj,t2_53fef,0
t5_37jgj,t2_6x5ag,2
t5_37jgj,t2_2znl9gl9,1
t5_37jgj,t2_d0pudxp0,371
t5_37jgj,t2_e1vmlpfw,7
t5_37jgj,t2_qljiz9gx,2
t5_37jgj,t2_twq4vz7d,1
t5_37jgj,t2_rx6g5uwf,6
t5_37jgj,t2_6v7yv,-1
t5_37jgj,t2_eo87m,10
t5_37jgj,t2_7tftd22,12
t5_37jgj,t2_3adnfjs2,-1
t5_37jgj,t2_by4bupt3,87
t5_37jgj,t2_dq8g93rf,3
t5_37jgj,t2_fxwzqbcj,8
t5_37jgj,t2_7oiywawy,1
t5_37jgj,t2_81kely2v,1
t5_37jgj,t2_bpde2qqs,-1
t5_37jgj,t2_buruar87,7
t5_37jgj,t2_bz3a2dry,2
t5_37jgj,t2_d1xe3myp,3
t5_37jgj,t2_e9kg8sn7,2
t5_37jgj,t2_eko92srg,5
t5_37jgj,t2_exhkryeu,2
t5_37jgj,t2_fz9egbsz,1
t5_37jgj,t2_icixda9s,3
t5_37jgj,t2_ijahjj95,1
t5_37jgj,t2_j6akxjiu,2
t5_37jgj,t2_n4893acn,1
t5_37jgj,t2_p5f59zqz,2
t5_37jgj,t2_p9rq7cta,2
t5_37jgj,t2_ql5y9uhb,2
t5_37jgj,t2_qoqguu3g,2
t5_37jgj,t2_sht860af,1
t5_37jgj,t2_shu63otr,1
t5_37jgj,t2_ufla3ulr,-1
t5_37jgj,t2_uopcglxk,7
t5_37jgj,t2_vfeyluub,3
t5_37jgj,t2_7s1ixkv8r,0
t5_37jgj,t2_gfi6oi0,30
t5_37jgj,t2_27urgn1w,0
t5_37jgj,t2_2e5vox0d,7
t5_37jgj,t2_7vmmmclb,0
t5_37jgj,t2_dgi4ckr3,2
t5_37jgj,t2_dhqbwa68,1
t5_37jgj,t2_ehxyjprl,2
t5_37jgj,t2_f6w5jgwv,1
t5_37jgj,t2_fjzg8mce,1
t5_37jgj,t2_j4jtqhew,1
t5_37jgj,t2_qp9vwdog,1
t5_37jgj,t2_v061y6i6,2
t5_37jgj,t2_v8fziso8,4
t5_37jgj,t2_6qkel,6
t5_37jgj,t2_ae0efdve,9
t5_37jgj,t2_agxh8b9i,-1
t5_37jgj,t2_ak0iotgy,1
t5_37jgj,t2_4w0zcy6al,1
t5_37jgj,t2_x67r4,89
t5_37jgj,t2_tdwug6au,2
t5_37jgj,t2_4d6zf4ux,49
t5_37jgj,t2_bkk49m,2
t5_37jgj,t2_2xs1jyos,0
t5_37jgj,t2_ato29s,3
t5_37jgj,t2_e0fgrw08g,-1
t5_37jgj,t2_9bm5812,5
t5_37jgj,t2_q0u7v43,3
t5_37jgj,t2_2ufkyxp8,5
t5_37jgj,t2_lzh5u,9
t5_37jgj,t2_zh60i,1
t5_37jgj,t2_qfba35ya,5
t5_37jgj,t2_d7s19262y,-25
t5_37jgj,t2_6t9z4g3,22
t5_37jgj,t2_6x3c5,1
t5_37jgj,t2_107s08,32
t5_37jgj,t2_1mu1kj3s,327
t5_37jgj,t2_4tu8n76e,50
t5_37jgj,t2_72slr8wp,37
t5_37jgj,t2_8y7d9bse,371
t5_37jgj,t2_c3sivavi,363
t5_37jgj,t2_stte7917,15
t5_37jgj,t2_4ujc85u8t,6
t5_37jgj,t2_986wns7k0,1
t5_37jgj,t2_czgzjfkgf,130
t5_37jgj,t2_cey4k541,6
t5_37jgj,t2_bv1xwm,-2
t5_37jgj,t2_59ng0mce,9
t5_37jgj,t2_4ijnk,9
t5_37jgj,t2_ipa5s,3
t5_37jgj,t2_21y5doj,12
t5_37jgj,t2_hip4oky,0
t5_37jgj,t2_tta7v5e7,410
t5_37jgj,t2_k4ximmw4,15
t5_37jgj,t2_2sab7yfe,41
t5_37jgj,t2_practa11,1
t5_37jgj,t2_5hj51,1
t5_37jgj,t2_6bv0b,1
t5_37jgj,t2_ervb73kn,23
t5_37jgj,t2_avg0gcaa,27
t5_37jgj,t2_drnpptol,1
t5_37jgj,t2_5hxyn,1
t5_37jgj,t2_85wf41f,19
t5_37jgj,t2_i6zlng6,1
t5_37jgj,t2_2ck4se4j,2
t5_37jgj,t2_dm0cvzbl,1
t5_37jgj,t2_foi87qb7,349
t5_37jgj,t2_ilul3pra,2
t5_37jgj,t2_e81ha,5
t5_37jgj,t2_14vgnc,0
t5_37jgj,t2_2ycnww6o,0
t5_37jgj,t2_65izt7u2,5
t5_37jgj,t2_67oa0w0f,-1
t5_37jgj,t2_8qlumahj,3
t5_37jgj,t2_d8oj63wm,3
t5_37jgj,t2_cz71jhoa5,371
t5_37jgj,t2_v8lkdgtq,1
t5_37jgj,t2_c8o76gaj,1
t5_37jgj,t2_6lvn2,4
t5_37jgj,t2_gcc11bf,20
t5_37jgj,t2_5l5gnan2,3
t5_37jgj,t2_b1mmquiy,17
t5_37jgj,t2_cjnca0jt,51
t5_37jgj,t2_ggvah4bk,2
t5_37jgj,t2_ejsdsdav4,-1
t5_37jgj,t2_58091,1
t5_37jgj,t2_pk6nm5gv,86
t5_37jgj,t2_a8xy1opi8,10
t5_37jgj,t2_dl887kbvk,5
t5_37jgj,t2_3hz5owqy,8
t5_37jgj,t2_565m4,-1
t5_37jgj,t2_wpaz7,1
t5_37jgj,t2_ydsdf,814
t5_37jgj,t2_61lez3ng,29
t5_37jgj,t2_8jo6dyul,3113
t5_37jgj,t2_h70wj169,-5
t5_37jgj,t2_han92waf,4
t5_37jgj,t2_pekaaf24,2
t5_37jgj,t2_sb4iuxyn,3
t5_37jgj,t2_9lh2lglyi,2
t5_37jgj,t2_enarqe5ak,899
t5_37jgj,t2_ijncfvm0c,3
t5_37jgj,t2_v23fukz5,667
t5_37jgj,t2_dyjijdx62,426
t5_37jgj,t2_1xq8uhfh,14
t5_37jgj,t2_jiinuwr3,1
t5_37jgj,t2_xm3m3cl,6
t5_37jgj,t2_9udun7hi,5
t5_37jgj,t2_4l4xv5u7,12
t5_37jgj,t2_ea4nfnkm,4
t5_37jgj,t2_h3ztygncb,1
t5_37jgj,t2_aemu0,19
t5_37jgj,t2_gurof,3
t5_37jgj,t2_15r2ln,-1
t5_37jgj,t2_2w69h48,1
t5_37jgj,t2_gf7053k,3
t5_37jgj,t2_ukps7kmf,82
t5_37jgj,t2_rqgsmop,1
t5_37jgj,t2_5e3pl0bu,6
t5_37jgj,t2_9gya7bho,1
t5_37jgj,t2_4dlihsb3,3
t5_37jgj,t2_dm0exg64,0
t5_37jgj,t2_fq1gvn0a,-1
t5_37jgj,t2_8padp,1
t5_37jgj,t2_maxv2ob,25
t5_37jgj,t2_1cmadolh,1
t5_37jgj,t2_9ocjm8w4,40
t5_37jgj,t2_x7ndq,4
t5_37jgj,t2_1n6zxwkz,-1
t5_37jgj,t2_5go7oszm,5
t5_37jgj,t2_i4y4a5im,4
t5_37jgj,t2_hqjvx,1
t5_37jgj,t2_tvg1vr,1
t5_37jgj,t2_1a2jeiov,2
t5_37jgj,t2_9q5c2pn7,-1
t5_37jgj,t2_b3zfwn9k,11
t5_37jgj,t2_5b95s1vz,0
t5_37jgj,t2_7thax91b,-1
t5_37jgj,t2_ahhxo3yh,4
t5_37jgj,t2_bxfjeouv,-1
t5_37jgj,t2_d9gfehfs,-1
t5_37jgj,t2_efjf2ueu,-1
t5_37jgj,t2_ehstdwxm,3
t5_37jgj,t2_eiesnm2t,-1
t5_37jgj,t2_elxs7xlz,0
t5_37jgj,t2_eot8tfo1,0
t5_37jgj,t2_et5cmpgg,-1
t5_37jgj,t2_ixgum63e,-1
t5_37jgj,t2_jhyu706x,0
t5_37jgj,t2_mlz137af,3
t5_37jgj,t2_mylb0j5i,0
t5_37jgj,t2_nd6mfxo2,-1
t5_37jgj,t2_tihnkbq9,1
t5_37jgj,t2_tlv2203m,0
t5_37jgj,t2_tyt2zn1m,1
t5_37jgj,t2_ungc00xz,1
t5_37jgj,t2_v18lwt1u,0
t5_37jgj,t2_vfmlu17x,0
t5_37jgj,t2_vkk9xrww,3
t5_37jgj,t2_vkrgi688,4
t5_37jgj,t2_w4grp0im,6
t5_37jgj,t2_mth79r4,1
t5_37jgj,t2_ahzu16z5,1
t5_37jgj,t2_dq12ugp2,2
t5_37jgj,t2_fhz48l55,4
t5_37jgj,t2_fkoo545p,1
t5_37jgj,t2_fvyygfs1,1
t5_37jgj,t2_lu5pysmf,2
t5_37jgj,t2_pau38iu2,1
t5_37jgj,t2_uxtstj28,-1
t5_37jgj,t2_6lvhm,-3
t5_37jgj,t2_1047a6,15
t5_37jgj,t2_1hb4lba3,296
t5_37jgj,t2_1z1g03sv,14
t5_37jgj,t2_5zcx88cl,0
t5_37jgj,t2_8gptse5e,8
t5_37jgj,t2_f4r259cy,4
t5_37jgj,t2_r63xsfzx,8
t5_37jgj,t2_t1iis5ez,3
t5_37jgj,t2_uztseatl,70
t5_37jgj,t2_8larr,15
t5_37jgj,t2_cjrzbn8m,16
t5_37jgj,t2_de6e2ycw,327
t5_37jgj,t2_1lpw021l,2
t5_37jgj,t2_3vxp121l,3
t5_37jgj,t2_ak2gatt0,1
t5_37jgj,t2_kzaqlroa,10
t5_37jgj,t2_hqs198ba9,1
t5_37jgj,t2_h6cvm1jx,13
t5_37jgj,t2_10w2nb,1
t5_37jgj,t2_j714x,16
t5_37jgj,t2_7so7k,4
t5_37jgj,t2_f99wp,2
t5_37jgj,t2_791ik2w3,1
t5_37jgj,t2_aup9z488,4
t5_37jgj,t2_e4h9j33r,1
t5_37jgj,t2_ee6sdmtc,2
t5_37jgj,t2_ehhe9z41,0
t5_37jgj,t2_ejokx4pw,3
t5_37jgj,t2_em74koq5,1
t5_37jgj,t2_eo9zpsyv,2
t5_37jgj,t2_f61gibrh,3
t5_37jgj,t2_f8e2mfuw,2
t5_37jgj,t2_figtrih9,1
t5_37jgj,t2_ikojy4mi,1
t5_37jgj,t2_j2p0c1fu,1
t5_37jgj,t2_k25nbvl0,1
t5_37jgj,t2_kf530pze,-1
t5_37jgj,t2_sszsugyu,1
t5_37jgj,t2_uf4xh71e,3
t5_37jgj,t2_uiw7xo1j,2
t5_37jgj,t2_v9r529nc,1
t5_37jgj,t2_vl4260qf,1
t5_37jgj,t2_ief1lniul,9
t5_37jgj,t2_wuuf0,1
t5_37jgj,t2_3pym59w4,1
t5_37jgj,t2_7pmyzame,1
t5_37jgj,t2_7viiqqnf,486
t5_37jgj,t2_a64ew3ff,22
t5_37jgj,t2_ig1iv,2
t5_37jgj,t2_av75dmsn,1
t5_37jgj,t2_buqqhdko,1
t5_37jgj,t2_drbc4ruz,1
t5_37jgj,t2_eq64tvy4,1
t5_37jgj,t2_ex8f0a9o,1
t5_37jgj,t2_fx0fao5p,1
t5_37jgj,t2_g08r2wah,1
t5_37jgj,t2_g5qm0skn,-1
t5_37jgj,t2_gb8hpf77,15
t5_37jgj,t2_td2yj01h,3
t5_37jgj,t2_46bmkzyo,3
t5_37jgj,t2_ughzcyti,20
t5_37jgj,t2_7t7wkyps,14
t5_37jgj,t2_ajn1vbwz,2
t5_37jgj,t2_c9g90iqz,2
t5_37jgj,t2_cftibi1q,1
t5_37jgj,t2_ehq18wc7,0
t5_37jgj,t2_engsjhjl,1
t5_37jgj,t2_f2vk7o5i,0
t5_37jgj,t2_jsj81ad6,4
t5_37jgj,t2_n1gss6b2,0
t5_37jgj,t2_n2px9kd6,3
t5_37jgj,t2_qxe0fi26,-1
t5_37jgj,t2_u0wjbfzl,1
t5_37jgj,t2_ubdhl9qj,4
t5_37jgj,t2_ujh9paw7,0
t5_37jgj,t2_ulecggs5,0
t5_37jgj,t2_uqhg9xnm,2
t5_37jgj,t2_uu04418d,1
t5_37jgj,t2_hjpus,2
t5_37jgj,t2_m3mc4,2
t5_37jgj,t2_imvnhtm9,138
t5_37jgj,t2_c3r5uhd,-5
t5_37jgj,t2_6mfrw,0
t5_37jgj,t2_15lzxvzg,16
t5_37jgj,t2_7ydpx,2
t5_37jgj,t2_cfi7c,2
t5_37jgj,t2_uml1zf6,1
t5_37jgj,t2_uh84pn9g,-3
t5_37jgj,t2_km689,75
t5_37jgj,t2_d4syvwz,5
t5_37jgj,t2_70rhbzon,17
t5_37jgj,t2_acq27rc3,1
t5_37jgj,t2_bty5x06e,1
t5_37jgj,t2_djwio4xw,1
t5_37jgj,t2_ebva0i6t,3
t5_37jgj,t2_ei7sg994,4
t5_37jgj,t2_eka0u3ja,1
t5_37jgj,t2_el5wjob3,2
t5_37jgj,t2_f310frt6,1
t5_37jgj,t2_fihfw7w1,1
t5_37jgj,t2_garr4cvs,1
t5_37jgj,t2_gd3wdfrj,20
t5_37jgj,t2_gsocvvqv,1
t5_37jgj,t2_hb78sin8,1
t5_37jgj,t2_ip4phlz4,2
t5_37jgj,t2_lb6fkdx3,5
t5_37jgj,t2_lqcvufws,2
t5_37jgj,t2_lzegh53h,1
t5_37jgj,t2_q48fysd7,5
t5_37jgj,t2_s6gn47de,0
t5_37jgj,t2_sg51sj8p,1
t5_37jgj,t2_sgxy3vvi,1
t5_37jgj,t2_sk5b7qys,1
t5_37jgj,t2_tlvwakkk,2
t5_37jgj,t2_tuyue8a4,0
t5_37jgj,t2_u3rqhzdy,287
t5_37jgj,t2_uojqimyy,5
t5_37jgj,t2_ur06ipr0,2
t5_37jgj,t2_uspbplwp,2
t5_37jgj,t2_v8gyhoeo,2
t5_37jgj,t2_7k9ubf1gg,5
t5_37jgj,t2_jv7z5grho,2
t5_37jgj,t2_jnbgp7t5,364
t5_37jgj,t2_zs38u,9
t5_37jgj,t2_9m7i62cl,4
t5_37jgj,t2_j648pjtr,-1
t5_37jgj,t2_4bfsu,1
t5_37jgj,t2_c5xmj,1
t5_37jgj,t2_11fj8r,7
t5_37jgj,t2_18mpq58l,6
t5_37jgj,t2_93i05q3i,10
t5_37jgj,t2_9v6nh9xw,5
t5_37jgj,t2_cenqi233,3
t5_37jgj,t2_d8lo8rhi,3
t5_37jgj,t2_8go6u,6
t5_37jgj,t2_n6obi,24
t5_37jgj,t2_bkdz3wrc,1
t5_37jgj,t2_his4yj6zv,61
t5_37jgj,t2_5k7u8wzn,1
t5_37jgj,t2_adub2n6k,5
t5_37jgj,t2_kkz9430a,-5
t5_37jgj,t2_c0641zjts,2
t5_37jgj,t2_70b31,1
t5_37jgj,t2_b56hzbvt,39
t5_37jgj,t2_f1aml3mq,2
t5_37jgj,t2_axlgox9vw,2
t5_37jgj,t2_3xb5j,1
t5_37jgj,t2_fcri673n,6
t5_37jgj,t2_fcqzz7zv,-5
t5_37jgj,t2_2he0avup,10
t5_37jgj,t2_6xp6yewb,0
t5_37jgj,t2_97y60oxb,-2
t5_37jgj,t2_x42jht,15
t5_37jgj,t2_5bmr99yw,7
t5_37jgj,t2_7sxlbacy,1
t5_37jgj,t2_7xyjc2xi,1
t5_37jgj,t2_81cd9kpc,0
t5_37jgj,t2_a7di2epd,1
t5_37jgj,t2_a8gkcv5q,1
t5_37jgj,t2_abvjbw3c,2
t5_37jgj,t2_adamzqyc,2
t5_37jgj,t2_ajrsyki4,1
t5_37jgj,t2_ampza6tv,1
t5_37jgj,t2_av476eb9,1
t5_37jgj,t2_b3fsje86,2
t5_37jgj,t2_b89v8r61,2
t5_37jgj,t2_bjju6pn1,3
t5_37jgj,t2_boaouwon,2
t5_37jgj,t2_byeol2jy,6
t5_37jgj,t2_bz7bhnou,3
t5_37jgj,t2_bzgktu6i,2
t5_37jgj,t2_c2e39bha,3
t5_37jgj,t2_czibhi91,2
t5_37jgj,t2_d1yyk6iz,1
t5_37jgj,t2_d5vdxt7d,0
t5_37jgj,t2_d9v8kneq,1
t5_37jgj,t2_dl70ebz6,1
t5_37jgj,t2_dpbhjxrk,1
t5_37jgj,t2_e1uk99cv,2
t5_37jgj,t2_e98sdzsx,1
t5_37jgj,t2_eb3kb99r,3
t5_37jgj,t2_ec59ecza,2
t5_37jgj,t2_ec8nb9jz,1
t5_37jgj,t2_edxkswdn,3
t5_37jgj,t2_ef6gpgre,1
t5_37jgj,t2_efbuq1v6,1
t5_37jgj,t2_egkjkm45,1
t5_37jgj,t2_ei7j5xxx,7
t5_37jgj,t2_ejagollu,2
t5_37jgj,t2_ejbelja0,2
t5_37jgj,t2_ejjb33sc,1
t5_37jgj,t2_em8cv8ri,3
t5_37jgj,t2_emameon1,1
t5_37jgj,t2_enj0uvkn,1
t5_37jgj,t2_eo3dwc6f,2
t5_37jgj,t2_esmbh3ne,1
t5_37jgj,t2_esu6hmj9,2
t5_37jgj,t2_etuvgvv8,1
t5_37jgj,t2_evtuh0xe,1
t5_37jgj,t2_f1ybn3mc,1
t5_37jgj,t2_f2rliim5,2
t5_37jgj,t2_f6jjvr0x,2
t5_37jgj,t2_f7i377sv,1
t5_37jgj,t2_f87re8ku,2
t5_37jgj,t2_f8sz1wga,2
t5_37jgj,t2_frmhc9vf,1
t5_37jgj,t2_fue6hxel,2
t5_37jgj,t2_fuiwe2x2,1
t5_37jgj,t2_fvnibuf3,0
t5_37jgj,t2_fxxy2jjv,1
t5_37jgj,t2_g13oz2ob,1
t5_37jgj,t2_g59ufrrn,0
t5_37jgj,t2_g5pmhu4x,3
t5_37jgj,t2_glhmkgbr,5
t5_37jgj,t2_gtd97v1g,1
t5_37jgj,t2_h0ennlab,1
t5_37jgj,t2_hbo1h58r,1
t5_37jgj,t2_hs5ph4uq,4
t5_37jgj,t2_htchohqh,5
t5_37jgj,t2_htxzwhpf,4
t5_37jgj,t2_i06rww30,1
t5_37jgj,t2_i55nmasg,1
t5_37jgj,t2_iddmc5su,1
t5_37jgj,t2_iihatlhp,2
t5_37jgj,t2_io25b985,1
t5_37jgj,t2_ip0jbt1b,2
t5_37jgj,t2_isdrvvfs,1
t5_37jgj,t2_iw82kkmr,1
t5_37jgj,t2_iz4p5tcu,0
t5_37jgj,t2_jac20gso,1
t5_37jgj,t2_jd0lxayd,2
t5_37jgj,t2_je726yzb,1
t5_37jgj,t2_jjpqdtdh,2
t5_37jgj,t2_k4sk2d5h,1
t5_37jgj,t2_l60bl3wc,1
t5_37jgj,t2_lbrczftw,1
t5_37jgj,t2_lyucpmye,1
t5_37jgj,t2_mmgsbmfi,2
t5_37jgj,t2_mpixc30m,2
t5_37jgj,t2_n0bvbd74,2
t5_37jgj,t2_n1lr2wm4,3
t5_37jgj,t2_nddhrprf,2
t5_37jgj,t2_nflk7frn,3
t5_37jgj,t2_nik0mova,2
t5_37jgj,t2_novzcd74,2
t5_37jgj,t2_opgd7kjy,2
t5_37jgj,t2_p2kr7kn9,1
t5_37jgj,t2_p7ei8u4o,3
t5_37jgj,t2_pax6y3bb,18
t5_37jgj,t2_qslujr9m,2
t5_37jgj,t2_qtjw0yxg,2
t5_37jgj,t2_r62viku0,7
t5_37jgj,t2_rj7p01q0,2
t5_37jgj,t2_ro4ynoq9,2
t5_37jgj,t2_sear194h,1
t5_37jgj,t2_sgbd5a59,1
t5_37jgj,t2_sqnw6olb,4
t5_37jgj,t2_st2vmzcu,3
t5_37jgj,t2_t36r7q6e,2
t5_37jgj,t2_t3p5iq20,3
t5_37jgj,t2_td9yecc9,2
t5_37jgj,t2_tfvcrnoc,2
t5_37jgj,t2_tjj8k7f9,1
t5_37jgj,t2_tmjw6s7s,1
t5_37jgj,t2_u0fhzu8f,1
t5_37jgj,t2_u2ebtcds,1
t5_37jgj,t2_u484mvyi,2
t5_37jgj,t2_ubc2uppn,4
t5_37jgj,t2_uh12alr4,3
t5_37jgj,t2_uux62n50,1
t5_37jgj,t2_uvk1rdi4,7
t5_37jgj,t2_v0p768j3,3
t5_37jgj,t2_v5vnko5z,2
t5_37jgj,t2_vd3h539i,0
t5_37jgj,t2_vhlgjub0,4
t5_37jgj,t2_viu7ipon,1
t5_37jgj,t2_vj1ddcs3,4
t5_37jgj,t2_evbrqzkf4,6
t5_37jgj,t2_gp9t3tnow,1258
t5_37jgj,t2_a1lz9u0v,2
t5_37jgj,t2_lh01bi4l,2
t5_37jgj,t2_79n3n,4
t5_37jgj,t2_mjpemof,1
t5_37jgj,t2_rok0pb1,1
t5_37jgj,t2_b9zm4slka,-1
t5_37jgj,t2_16ymfg2i,1
t5_37jgj,t2_3ebvg9ik,1
t5_37jgj,t2_zhfygqs,3
t5_37jgj,t2_89pc0786,2
t5_37jgj,t2_bcqvb6wy,25
t5_37jgj,t2_i182h9a2o,4
t5_37jgj,t2_86fbr,1
t5_37jgj,t2_9ye64uzpr,1
t5_37jgj,t2_9kadom5s,15
t5_37jgj,t2_iwkkak8x8,8
t5_37jgj,t2_bxt9p,9
t5_37jgj,t2_6gvd1u6,1
t5_37jgj,t2_20yps45y,6
t5_37jgj,t2_2i6aeh89,1
t5_37jgj,t2_4gdsktbt,2
t5_37jgj,t2_j4ws2dhr,409
t5_37jgj,t2_dqjizjr5,6
t5_37jgj,t2_4q8gf,1
t5_37jgj,t2_12po1s,11
t5_37jgj,t2_d403vf3g,1
t5_37jgj,t2_d5fxgrc8,1
t5_37jgj,t2_dg8jvaa0,1
t5_37jgj,t2_e3aidovs,4
t5_37jgj,t2_e7u49boh,1
t5_37jgj,t2_e99qes0h,2
t5_37jgj,t2_edfam5vu,1
t5_37jgj,t2_entyxhn7,1
t5_37jgj,t2_f8x5vapm,1
t5_37jgj,t2_fn0mcdrr,1
t5_37jgj,t2_g9gnaoak,5
t5_37jgj,t2_ghj2dz9c,-2
t5_37jgj,t2_hbp7x6k9,1
t5_37jgj,t2_hrdwniki,1
t5_37jgj,t2_kfmh92d9,3
t5_37jgj,t2_ldmdcic1,3
t5_37jgj,t2_sck80ijx,0
t5_37jgj,t2_sg6c5an3,1
t5_37jgj,t2_ucvilhy1,-1
t5_37jgj,t2_uz02yo1m,3
t5_37jgj,t2_veii0v7l,1
t5_37jgj,t2_i2slxcldt,58
t5_37jgj,t2_3ue9tjk3,10
t5_37jgj,t2_9nzmv,1
t5_37jgj,t2_rhkl6s9,1
t5_37jgj,t2_8gy92,1
t5_37jgj,t2_2fqv9dis,47
t5_37jgj,t2_6qeevf6m,1
t5_37jgj,t2_83qdk4u4,1
t5_37jgj,t2_a1xmew9k,8
t5_37jgj,t2_aldoorxz,0
t5_37jgj,t2_ammh2jnw,1
t5_37jgj,t2_anfzvdg7,3
t5_37jgj,t2_bww66lhe,3
t5_37jgj,t2_dlku8e3o,2
t5_37jgj,t2_e5z24k87,1
t5_37jgj,t2_e88gjyuf,3
t5_37jgj,t2_eelk5fno,1
t5_37jgj,t2_efkgvpc9,2
t5_37jgj,t2_eguv85r8,2
t5_37jgj,t2_eo0l2gs4,2
t5_37jgj,t2_epn2ih1r,5
t5_37jgj,t2_f2dr4g1m,1
t5_37jgj,t2_f3r9zlv0,1
t5_37jgj,t2_gqugamkp,1
t5_37jgj,t2_gu9kukwo,3
t5_37jgj,t2_il6nxgvk,1
t5_37jgj,t2_k5s7pqfj,0
t5_37jgj,t2_kg41mlkd,1
t5_37jgj,t2_msoj9bjm,1
t5_37jgj,t2_n9xhukta,1
t5_37jgj,t2_ryitfbaq,3
t5_37jgj,t2_tuhwukr0,1
t5_37jgj,t2_u7l12hsc,1
t5_37jgj,t2_vaus3a99,3
t5_37jgj,t2_i32pyq6a5,21
t5_37jgj,t2_a20ky9wp,1
t5_37jgj,t2_ejejyx,-5
t5_37jgj,t2_6aeb73nw,25
t5_37jgj,t2_7s5b83qg,1
t5_37jgj,t2_7s7n9541,2
t5_37jgj,t2_7txtbfjj,16
t5_37jgj,t2_81h597gc,1
t5_37jgj,t2_ac4261e9,2
t5_37jgj,t2_agpqjxgp,1
t5_37jgj,t2_akgbol6c,1
t5_37jgj,t2_auees5w1,2
t5_37jgj,t2_b2vf9h11,0
t5_37jgj,t2_d7k4w2sv,5
t5_37jgj,t2_dg2drw9a,2
t5_37jgj,t2_dlwq1z19,1
t5_37jgj,t2_e2ua3o0z,1
t5_37jgj,t2_edfq618n,1
t5_37jgj,t2_eht4tunl,1
t5_37jgj,t2_ej05wtjf,2
t5_37jgj,t2_epn9zrxk,1
t5_37jgj,t2_erc0bkyx,4
t5_37jgj,t2_fgqqux46,2
t5_37jgj,t2_gfqskzvl,1
t5_37jgj,t2_gk74se0p,1
t5_37jgj,t2_gks5ovdx,1
t5_37jgj,t2_gpdx453j,2
t5_37jgj,t2_grx3zq75,1
t5_37jgj,t2_guwhyj8c,2
t5_37jgj,t2_h2lkylf0,1
t5_37jgj,t2_h6bmars8,0
t5_37jgj,t2_hc8ft20m,3
t5_37jgj,t2_hf2lk9ng,2
t5_37jgj,t2_jk9s8gc2,1
t5_37jgj,t2_kq9swank,2
t5_37jgj,t2_mnkou5lx,2
t5_37jgj,t2_nhdosbz2,2
t5_37jgj,t2_ns9muzwe,0
t5_37jgj,t2_otcblgts,1
t5_37jgj,t2_tik6l1h4,1
t5_37jgj,t2_tl10hip8,1
t5_37jgj,t2_ts6xlvgd,3
t5_37jgj,t2_tv4avotr,3
t5_37jgj,t2_u32vfy4y,2
t5_37jgj,t2_ubfrk7ww,1
t5_37jgj,t2_uhww3i0d,4
t5_37jgj,t2_uj6wmm17,2
t5_37jgj,t2_v0hks2cl,4
t5_37jgj,t2_ve699zcz,1
t5_37jgj,t2_vfpxcehm,1
t5_37jgj,t2_vlbqt9i5,5
t5_37jgj,t2_vllbegm5,0
t5_37jgj,t2_hvkupj8ru,34
t5_37jgj,t2_i4qwusa4q,1
t5_37jgj,t2_iqcbbc958,83
t5_37jgj,t2_6h8ozcgv,1
t5_37jgj,t2_7tfzr0ut,2
t5_37jgj,t2_cqgtmoxx,3
t5_37jgj,t2_d4b3l1o1,2
t5_37jgj,t2_dm8hekhy,2
t5_37jgj,t2_e3tpfbou,2
t5_37jgj,t2_e8tjet7r,3
t5_37jgj,t2_e9pg84ak,1
t5_37jgj,t2_f1ap9lao,1
t5_37jgj,t2_f3w4qq1k,1
t5_37jgj,t2_fd3xivuk,3
t5_37jgj,t2_gz4w3w51,1
t5_37jgj,t2_hxaicq2g,2
t5_37jgj,t2_l15y9mga,2
t5_37jgj,t2_rp48uoti,1
t5_37jgj,t2_sgzng1zy,2
t5_37jgj,t2_tp7u6fip,1
t5_37jgj,t2_tr6st7g9,1
t5_37jgj,t2_gyo9tfuv,4
t5_37jgj,t2_nio69v5,1
t5_37jgj,t2_esytojsg,1
t5_37jgj,t2_gwv5gtx3,1
t5_37jgj,t2_tzlaaebs,2
t5_37jgj,t2_d9jpislu,1071
t5_37jgj,t2_5gxlc,3
t5_37jgj,t2_sktzz,5
t5_37jgj,t2_cqto709r,12
t5_37jgj,t2_jz8l1,8
t5_37jgj,t2_8v0nw,3
t5_37jgj,t2_jeg41,1
t5_37jgj,t2_fo2esieo,2
t5_37jgj,t2_89i9e7tpq,2
t5_37jgj,t2_al9h880d,5
t5_37jgj,t2_n30qoagd,1
t5_37jgj,t2_6i31ycp7,14
t5_37jgj,t2_9xo8wcdl,1
t5_37jgj,t2_ar0xbxaw,1
t5_37jgj,t2_nmoemdyg,4
t5_37jgj,t2_a79akbw4,2
t5_37jgj,t2_bucevxz6,1
t5_37jgj,t2_dib0u12k,3
t5_37jgj,t2_e4235vw7,1
t5_37jgj,t2_ebqf9btm,1
t5_37jgj,t2_ec0ua53o,0
t5_37jgj,t2_fh8le7ie,1
t5_37jgj,t2_tnq8vozm,3
t5_37jgj,t2_13qjth,0
t5_37jgj,t2_14p4hq,2
t5_37jgj,t2_aw49cqu,2
t5_37jgj,t2_lpkdflt,4
t5_37jgj,t2_16s903dl,6
t5_37jgj,t2_6jl8jblc,4
t5_37jgj,t2_6mjmxek6,2
t5_37jgj,t2_6wz7l0ch,1
t5_37jgj,t2_7wociqp8,0
t5_37jgj,t2_80wy74sj,1
t5_37jgj,t2_82zmupw2,1
t5_37jgj,t2_8879nvxp,2
t5_37jgj,t2_a2b0tt04,2
t5_37jgj,t2_a31ahfv3,4
t5_37jgj,t2_a6ccoi09,2
t5_37jgj,t2_a9rf4ppj,2
t5_37jgj,t2_ah7zma2h,1
t5_37jgj,t2_ajj5t19r,3
t5_37jgj,t2_al6973ag,1
t5_37jgj,t2_aloi5cuz,1
t5_37jgj,t2_arbqegbn,1626
t5_37jgj,t2_b7hxa989,4
t5_37jgj,t2_beskcsx8,1
t5_37jgj,t2_c6cr2u7f,1
t5_37jgj,t2_d7p9ucys,1
t5_37jgj,t2_d83fapsl,1
t5_37jgj,t2_dh02agnb,1
t5_37jgj,t2_diglyhx1,1
t5_37jgj,t2_diyce6th,2
t5_37jgj,t2_djd6pfu8,0
t5_37jgj,t2_e3g9k3w8,2
t5_37jgj,t2_e3vsefge,1
t5_37jgj,t2_e5gg6hws,0
t5_37jgj,t2_e6usj6tk,1
t5_37jgj,t2_e70ggmam,1
t5_37jgj,t2_ed8hh2b4,1
t5_37jgj,t2_ejxwacmw,1
t5_37jgj,t2_eny6lrou,2
t5_37jgj,t2_ep5tudyr,1
t5_37jgj,t2_epix9xwy,1
t5_37jgj,t2_eqj17mzp,1
t5_37jgj,t2_ercxd8be,2
t5_37jgj,t2_eruhxn9t,2
t5_37jgj,t2_etxh4qhn,1
t5_37jgj,t2_f1k79c3o,1
t5_37jgj,t2_f4nyjakm,1
t5_37jgj,t2_f7cd4drs,3
t5_37jgj,t2_f7n3jiyo,1
t5_37jgj,t2_fosyh4uq,3
t5_37jgj,t2_fpv7whlb,1
t5_37jgj,t2_fsv50r5z,1
t5_37jgj,t2_ftgb2tcq,0
t5_37jgj,t2_fvhyd3fk,2
t5_37jgj,t2_g6sl36il,1
t5_37jgj,t2_g6zzgp6c,1
t5_37jgj,t2_g7yz03d3,2
t5_37jgj,t2_gecaqp62,2
t5_37jgj,t2_geds9dcm,3
t5_37jgj,t2_ggcnm85s,1
t5_37jgj,t2_ggkq0yua,1
t5_37jgj,t2_ggv9vpyu,1
t5_37jgj,t2_h1732ca2,1
t5_37jgj,t2_h2n44iul,2
t5_37jgj,t2_j9ajok0g,2
t5_37jgj,t2_jbxlgkn6,3
t5_37jgj,t2_jeeug42z,1
t5_37jgj,t2_jfeh0fn1,1
t5_37jgj,t2_jllg8ys6,1
t5_37jgj,t2_jqhqwlsm,4
t5_37jgj,t2_jvp9qtl1,2
t5_37jgj,t2_k3klhtth,1
t5_37jgj,t2_kettswj7,4
t5_37jgj,t2_kfcrj1mq,1
t5_37jgj,t2_ll27i4xl,1
t5_37jgj,t2_ltxwvkwx,7
t5_37jgj,t2_lufnm8cd,3
t5_37jgj,t2_m23o9fq1,3
t5_37jgj,t2_msqns1ff,2
t5_37jgj,t2_n952bap4,3
t5_37jgj,t2_n9nka3hc,1
t5_37jgj,t2_nnznl8em,1
t5_37jgj,t2_o0j37jhh,1
t5_37jgj,t2_of2nvag5,2
t5_37jgj,t2_on38o3hn,1
t5_37jgj,t2_owfpjlcz,2
t5_37jgj,t2_pbnhqhb1,2
t5_37jgj,t2_qnfm4gg3,3
t5_37jgj,t2_rzgint96,-1
t5_37jgj,t2_s5t6uccn,4
t5_37jgj,t2_segwxiwr,4
t5_37jgj,t2_sks1tq11,1
t5_37jgj,t2_so9su2uv,2
t5_37jgj,t2_sp2o2y8z,2
t5_37jgj,t2_tjmzw3ek,1
t5_37jgj,t2_tnrk2jyo,3
t5_37jgj,t2_ttps7s9b,1
t5_37jgj,t2_tup74ti0,2
t5_37jgj,t2_tygon8u0,4
t5_37jgj,t2_tysd4t8e,1
t5_37jgj,t2_u44lnf95,1
t5_37jgj,t2_u4qfzowb,2
t5_37jgj,t2_u9t2xkox,3
t5_37jgj,t2_ua4zhjqu,2
t5_37jgj,t2_ugayqg9x,1
t5_37jgj,t2_uhivft5r,1
t5_37jgj,t2_uimh70t9,3
t5_37jgj,t2_urttbltk,13
t5_37jgj,t2_utd7kukk,1
t5_37jgj,t2_uu1dfelg,1
t5_37jgj,t2_v8c4ecw8,1
t5_37jgj,t2_vkd9u1om,2
t5_37jgj,t2_dk4rlhyy2,6
t5_37jgj,t2_by1t88xj,10
t5_37jgj,t2_pavxrb8g,8
t5_37jgj,t2_6szcn,-3
t5_37jgj,t2_9it7d,5
t5_37jgj,t2_1enfkv,2
t5_37jgj,t2_2y0l7lj4,-4
t5_37jgj,t2_4bkxf8eu,2
t5_37jgj,t2_alw0sqrb,29
t5_37jgj,t2_abm11,1
t5_37jgj,t2_ukl2kwap,15
t5_37jgj,t2_1qa7819l,0
t5_37jgj,t2_fpe2swvl,4
t5_37jgj,t2_6a6xe,3
t5_37jgj,t2_gcdtqb2t,19
t5_37jgj,t2_jdjf3,1
t5_37jgj,t2_rrtq28i,1
t5_37jgj,t2_3sflervk,9
t5_37jgj,t2_qio81jk,12
t5_37jgj,t2_a9zszdsj,1
t5_37jgj,t2_alhv3mhn,1
t5_37jgj,t2_anj5c83d,1
t5_37jgj,t2_e3w9llma,1
t5_37jgj,t2_e3wrhrxy,4
t5_37jgj,t2_egvunqru,2
t5_37jgj,t2_eltia21l,1
t5_37jgj,t2_et19qdz8,2
t5_37jgj,t2_ezp0hyoq,1
t5_37jgj,t2_f58jpzgg,1
t5_37jgj,t2_f5jym5pj,1
t5_37jgj,t2_g5g7lmqc,3
t5_37jgj,t2_gdlejlvh,1
t5_37jgj,t2_h7dm6n0a,1
t5_37jgj,t2_jfzvatl8,1
t5_37jgj,t2_kdyqs6ve,2
t5_37jgj,t2_keqmcd1c,1
t5_37jgj,t2_kjirhymv,1
t5_37jgj,t2_knmisc3l,1
t5_37jgj,t2_lzsh1880,1
t5_37jgj,t2_n1npedry,1
t5_37jgj,t2_o98nwx6s,3
t5_37jgj,t2_p23ohrns,1
t5_37jgj,t2_ryr5felg,2
t5_37jgj,t2_snxjtv2y,1
t5_37jgj,t2_tuwy3vle,5
t5_37jgj,t2_tvfrzty2,5
t5_37jgj,t2_ugcsk5df,1
t5_37jgj,t2_uroyznu8,8
t5_37jgj,t2_vfywd67r,3
t5_37jgj,t2_vg44q76o,1
t5_37jgj,t2_7u9bw,1
t5_37jgj,t2_j6br5uez1,6
t5_37jgj,t2_8y9zz,-1
t5_37jgj,t2_17hauh,6
t5_37jgj,t2_dwsck889,4
t5_37jgj,t2_vbsphlb5,72
t5_37jgj,t2_jm06xszx,23
t5_37jgj,t2_c1sji1d2,3
t5_37jgj,t2_e88rwkef,1
t5_37jgj,t2_f6fxdqr6,2
t5_37jgj,t2_fvji8tjt,2
t5_37jgj,t2_15yjzl,20
t5_37jgj,t2_2idypd4v,11
t5_37jgj,t2_t8azubxx,3
t5_37jgj,t2_6ur4l7twq,20
t5_37jgj,t2_e6wfy90ds,12
t5_37jgj,t2_j0doymhj4,202
t5_37jgj,t2_j0z51utzj,8
t5_37jgj,t2_j9esu68uj,3
t5_37jgj,t2_5llqs0lq,8
t5_37jgj,t2_u1xa0w8n,-2
t5_37jgj,t2_8ztjc,1
t5_37jgj,t2_orwj5,1
t5_37jgj,t2_1p9ycd8c,1
t5_37jgj,t2_260r8s2l,137
t5_37jgj,t2_385re,2
t5_37jgj,t2_ssuhtrh,1
t5_37jgj,t2_bn4mryxe,16
t5_37jgj,t2_c3rxxj39,0
t5_37jgj,t2_fp4tafeb2,0
t5_37jgj,t2_fm6ei7hv,0
t5_37jgj,t2_61jbjgvg,0
t5_37jgj,t2_cd22bmw,72
t5_37jgj,t2_3qhv112i,0
t5_37jgj,t2_3yl3wf07,2
t5_37jgj,t2_73x6beon,0
t5_37jgj,t2_7vs9wj2m,3
t5_37jgj,t2_bpb7eaz3,16
t5_37jgj,t2_cw4ui7g1,5
t5_37jgj,t2_kcz3wvke,36
t5_37jgj,t2_bj9okxdtd,0
t5_37jgj,t2_ez2knxbnv,307
t5_37jgj,t2_ggq4u7ui6,140
t5_37jgj,t2_dsern6729,3
t5_37jgj,t2_iuohmf77l,-1
t5_37jgj,t2_lh8d1c6,-2
t5_37jgj,t2_iocpxccp7,0
t5_37jgj,t2_2oypoo7q,11
t5_37jgj,t2_7o1jehwg,1
t5_37jgj,t2_b4xcwijq,2
t5_37jgj,t2_b9go069v,1
t5_37jgj,t2_c39rao6t,1
t5_37jgj,t2_dk8sg64m,3
t5_37jgj,t2_dmpmsamw,1
t5_37jgj,t2_ehtt1djb,1
t5_37jgj,t2_ep9hl939,3
t5_37jgj,t2_esgemlvv,1
t5_37jgj,t2_fr1ldn55,-1
t5_37jgj,t2_g3buzj3i,1
t5_37jgj,t2_gte3l7ww,1
t5_37jgj,t2_hgwu9q6u,1
t5_37jgj,t2_hp8j42w2,1
t5_37jgj,t2_idt8obt8,1
t5_37jgj,t2_kfonkd5m,2
t5_37jgj,t2_khxv49jh,0
t5_37jgj,t2_lwnlbr10,2
t5_37jgj,t2_moxgqz1k,0
t5_37jgj,t2_mtmissjo,1
t5_37jgj,t2_ngmi4m0n,1
t5_37jgj,t2_rpu72epg,21
t5_37jgj,t2_sk13dmmu,1
t5_37jgj,t2_th8922jn,2
t5_37jgj,t2_tpgrhap7,3
t5_37jgj,t2_u9aemmb6,1
t5_37jgj,t2_umr2m59h,1
t5_37jgj,t2_uwsr5yo7,2
t5_37jgj,t2_uywap52a,1
t5_37jgj,t2_v1vny0o5,3
t5_37jgj,t2_v86q2tcp,2
t5_37jgj,t2_vfxbzx14,1
t5_37jgj,t2_vh8a20o2,0
t5_37jgj,t2_5c0x8jh5,2
t5_37jgj,t2_1vvq4my6,-1
t5_37jgj,t2_aucuwuwu,2
t5_37jgj,t2_dj60wpbc,2
t5_37jgj,t2_dm7fpzy8,1
t5_37jgj,t2_e3s062h3,1
t5_37jgj,t2_ejrfcnas,1
t5_37jgj,t2_g88ivzr1,2
t5_37jgj,t2_u7awpqi0,1
t5_37jgj,t2_uabrev9w,1
t5_37jgj,t2_uc5cetjo,1
t5_37jgj,t2_ugdu05xf,1
t5_37jgj,t2_vi5g0sbd,1
t5_37jgj,t2_aov7f31z,2
t5_37jgj,t2_ap3ko097,1
t5_37jgj,t2_c53a62av,1
t5_37jgj,t2_dhw26rjk,-1
t5_37jgj,t2_eke9nzqz,3
t5_37jgj,t2_fqvjn38x,1
t5_37jgj,t2_gcxish04,4
t5_37jgj,t2_h7es8i8h,2
t5_37jgj,t2_i6u38vkh,1
t5_37jgj,t2_iijlfml5,1
t5_37jgj,t2_ls49jk17,1
t5_37jgj,t2_od3eyd5e,1
t5_37jgj,t2_tb75x7wt,1
t5_37jgj,t2_to6rzfxo,-1
t5_37jgj,t2_re6sej,1
t5_37jgj,t2_a9fg0gl9,1
t5_37jgj,t2_aiijxxqs,-1
t5_37jgj,t2_dj1uqzm7,1
t5_37jgj,t2_gbkbvyj7,1
t5_37jgj,t2_hr5c6g0q,1
t5_37jgj,t2_oeai4djk,1
t5_37jgj,t2_p5w66029,1
t5_37jgj,t2_quscrpds,1
t5_37jgj,t2_thri0y0i,3
t5_37jgj,t2_tn0xnza9,2
t5_37jgj,t2_u87c1icw,1
t5_37jgj,t2_urzyewgg,3
t5_37jgj,t2_vk3wreqj,4
t5_37jgj,t2_vl5z0amv,1
t5_37jgj,t2_vlthqqar,1
t5_37jgj,t2_3qzv5q5e,2
t5_37jgj,t2_70fltvt7,1
t5_37jgj,t2_74xd36r4,1
t5_37jgj,t2_9ymi1ft1,1
t5_37jgj,t2_ckldguyk,1
t5_37jgj,t2_dhqminqr,1
t5_37jgj,t2_emhd9aod,1
t5_37jgj,t2_eo5bir0n,1
t5_37jgj,t2_fteh1wqh,1
t5_37jgj,t2_fzfyyvj8,1
t5_37jgj,t2_itkc0qc0,2
t5_37jgj,t2_jirjx3ph,1
t5_37jgj,t2_k24o61o8,1
t5_37jgj,t2_l6p31jez,2
t5_37jgj,t2_n0i3wjqh,1
t5_37jgj,t2_naw2e4gs,2
t5_37jgj,t2_nq7s8iep,2
t5_37jgj,t2_offnm8g0,1
t5_37jgj,t2_r80i6gyk,1
t5_37jgj,t2_tijrwa3w,4
t5_37jgj,t2_tp8nslzl,1
t5_37jgj,t2_utr9a6pe,1
t5_37jgj,t2_v1sr71h7,1
t5_37jgj,t2_vgg6pqvj,0
t5_37jgj,t2_pa16uhng,2
t5_37jgj,t2_q1de29vs,1
t5_37jgj,t2_hcaradsn4,1
t5_37jgj,t2_16n7cl,1
t5_37jgj,t2_6wf32,1
t5_37jgj,t2_14ton0,19
t5_37jgj,t2_6wocwev,19
t5_37jgj,t2_18esnr6i,10
t5_37jgj,t2_d3icg6fq,1
t5_37jgj,t2_ez4soqbr,3
t5_37jgj,t2_gahuba1p,1
t5_37jgj,t2_ifn5nhaa,53
t5_37jgj,t2_j2f9o9ci,1
t5_37jgj,t2_mxnqbj16,2
t5_37jgj,t2_srqrskvw,2
t5_37jgj,t2_ttib2mhf,1
t5_37jgj,t2_ddk3zxzd9,2
t5_37jgj,t2_hf7ty,1
t5_37jgj,t2_jey8cdir,2
t5_37jgj,t2_4uctgsl4,1
t5_37jgj,t2_dsec6uwxe,5
t5_37jgj,t2_npywfz,8
t5_37jgj,t2_g7eokpeb,1
t5_37jgj,t2_9r6y5y0jx,1
t5_37jgj,t2_dtijjgbaj,-6
t5_37jgj,t2_7w4itq60,0
t5_37jgj,t2_80z2co0p,2
t5_37jgj,t2_ao3wn8rh,4
t5_37jgj,t2_brxcpqfp,1
t5_37jgj,t2_e5x7upeq,1
t5_37jgj,t2_e7w6vs46,1
t5_37jgj,t2_eej5j8xd,2
t5_37jgj,t2_efd3cnug,1
t5_37jgj,t2_ey98y5cs,3
t5_37jgj,t2_lv83pgsl,1
t5_37jgj,t2_ncd7yvwc,1
t5_37jgj,t2_o1bgswvq,1
t5_37jgj,t2_o2cqh1me,1
t5_37jgj,t2_u515ewau,1
t5_37jgj,t2_v2hesi6w,1
t5_37jgj,t2_vdytdbni,2
t5_37jgj,t2_vhujaai4,3
t5_37jgj,t2_uhk4,0
t5_37jgj,t2_aysti,2
t5_37jgj,t2_ookim,2
t5_37jgj,t2_ej87p5k,2
t5_37jgj,t2_9k60ul5s,3
t5_37jgj,t2_civn8,1
t5_37jgj,t2_f5k9l,45
t5_37jgj,t2_a7ok6bvf,2
t5_37jgj,t2_begemomn,2
t5_37jgj,t2_bwitpobo,1
t5_37jgj,t2_d3bywf53,0
t5_37jgj,t2_dnvaavc3,1
t5_37jgj,t2_e7lx1w3k,2
t5_37jgj,t2_ejvauu27,2
t5_37jgj,t2_ekkcg1e7,2
t5_37jgj,t2_eqo1oned,1
t5_37jgj,t2_eucp4wlg,1
t5_37jgj,t2_eur5z9x2,1
t5_37jgj,t2_ewmn8mv3,3
t5_37jgj,t2_f9ger2mp,1
t5_37jgj,t2_fdywp7zs,2
t5_37jgj,t2_ffi93jaf,0
t5_37jgj,t2_fkmo2u5o,1
t5_37jgj,t2_gyh5khz6,2
t5_37jgj,t2_l69y8yll,0
t5_37jgj,t2_lkcaggy7,3
t5_37jgj,t2_lxkzuwfp,2
t5_37jgj,t2_oognc0w3,1
t5_37jgj,t2_rfrhsd0f,1
t5_37jgj,t2_t3dzqlvu,0
t5_37jgj,t2_tibq5rzs,1
t5_37jgj,t2_tv0p38h5,1
t5_37jgj,t2_uyzs2x7v,1
t5_37jgj,t2_vcqf20if,2
t5_37jgj,t2_vl08h522,2
t5_37jgj,t2_eorhvc3lc,1
t5_37jgj,t2_5yzoy,-1
t5_37jgj,t2_gbm4p,1
t5_37jgj,t2_jt9mz2w,1
t5_37jgj,t2_27et06b8,2
t5_37jgj,t2_b88ovie5,4
t5_37jgj,t2_c6octewz,-1
t5_37jgj,t2_e2t28wci,0
t5_37jgj,t2_emhwppic,-1
t5_37jgj,t2_f0e9pzc0,3
t5_37jgj,t2_f54l44pn,1
t5_37jgj,t2_hd235mmi,1
t5_37jgj,t2_hi6nmqkr,2
t5_37jgj,t2_j77mmsuj,5
t5_37jgj,t2_jehgg091,-1
t5_37jgj,t2_l9mam045,-1
t5_37jgj,t2_na8sss80,2
t5_37jgj,t2_orklhhqm,2
t5_37jgj,t2_ql9mwjp7,1
t5_37jgj,t2_s8y0yr7b,2
t5_37jgj,t2_toy2z49e,-1
t5_37jgj,t2_74ma2mj3l,23
t5_37jgj,t2_kh7og2ddt,-1
t5_37jgj,t2_o5elz8c,8
t5_37jgj,t2_31w99,2
t5_37jgj,t2_4gw8y,2
t5_37jgj,t2_erf0k,2
t5_37jgj,t2_bdcuq2r,10
t5_37jgj,t2_dnkasegy,1
t5_37jgj,t2_e9l1pwb9,1
t5_37jgj,t2_ea2mtu6a,2
t5_37jgj,t2_esyv93d1,1
t5_37jgj,t2_fxn6482c,1
t5_37jgj,t2_shc1nzn3,3
t5_37jgj,t2_ssua0hgn,2
t5_37jgj,t2_tmzp1eo9,1
t5_37jgj,t2_tnd04vbh,1
t5_37jgj,t2_ec8l0,1
t5_37jgj,t2_343u7,24
t5_37jgj,t2_7wtva,1
t5_37jgj,t2_f4zqr,6
t5_37jgj,t2_7zcrxvl,35
t5_37jgj,t2_b3olnggr,6
t5_37jgj,t2_u5tg0acn,44
t5_37jgj,t2_54k9b,12
t5_37jgj,t2_1gaabn4h,1
t5_37jgj,t2_a59cwv2o,1
t5_37jgj,t2_axyofod6,-1
t5_37jgj,t2_2uz5ik4q,1
t5_37jgj,t2_30xypvig,1
t5_37jgj,t2_n4qzsbv,20
t5_37jgj,t2_54s7g7xe,2
t5_37jgj,t2_dooh92rn,1
t5_37jgj,t2_dr4nr1lwr,-1
t5_37jgj,t2_147rkl,1
t5_37jgj,t2_h5ij6sm,136
t5_37jgj,t2_59s3rez1,1
t5_37jgj,t2_io94btk0,4
t5_37jgj,t2_77f4jbes,2
t5_37jgj,t2_oiwg8d8,6
t5_37jgj,t2_5j6r2qb3,85
t5_37jgj,t2_15orh9,10
t5_37jgj,t2_h3yq2c4kq,5
t5_37jgj,t2_3ohck0m,3
t5_37jgj,t2_3oxevn92,298
t5_37jgj,t2_4bi611md,3
t5_37jgj,t2_eebqppxe,3
t5_37jgj,t2_hr2l3wm6,1
t5_37jgj,t2_leeof6sz,1
t5_37jgj,t2_4b3o8nwv,3
t5_37jgj,t2_6cu6vdv9,1
t5_37jgj,t2_74zzq8vu,1
t5_37jgj,t2_7vi2ssch,2
t5_37jgj,t2_atv89d0r,4
t5_37jgj,t2_djijz8bb,2
t5_37jgj,t2_djk94d8x,1
t5_37jgj,t2_duvzn22c,0
t5_37jgj,t2_e7exdtem,-1
t5_37jgj,t2_f1doyxfa,1
t5_37jgj,t2_fu7tsqmn,3
t5_37jgj,t2_g10cus1i,0
t5_37jgj,t2_jynu3uuh,2
t5_37jgj,t2_k1wkfxes,1
t5_37jgj,t2_ltfxgccv,0
t5_37jgj,t2_sk4htjdg,-1
t5_37jgj,t2_tgbecqzy,1
t5_37jgj,t2_tmkroe57,3
t5_37jgj,t2_tovyavnz,1
t5_37jgj,t2_twftd56j,1
t5_37jgj,t2_u70xfqlz,3
t5_37jgj,t2_unyyntcs,4
t5_37jgj,t2_v22f0v0i,1
t5_37jgj,t2_vau07owl,0
t5_37jgj,t2_5pjbp,26
t5_37jgj,t2_6qgxu39o,2
t5_37jgj,t2_7wah7iyw,1
t5_37jgj,t2_82e5f4x0,0
t5_37jgj,t2_8wx4gkeh,12
t5_37jgj,t2_aakx6e31,1
t5_37jgj,t2_abdc36pf,4
t5_37jgj,t2_b1q3hfbt,1
t5_37jgj,t2_b6hiy05z,3
t5_37jgj,t2_b7v73420,4
t5_37jgj,t2_bbzm1540,2
t5_37jgj,t2_djpicyft,1
t5_37jgj,t2_e26si0k8,2
t5_37jgj,t2_ecwk3wgq,1
t5_37jgj,t2_eeqcndos,1
t5_37jgj,t2_ehiut6xr,2
t5_37jgj,t2_eig1a7gf,1
t5_37jgj,t2_ejy2zpdk,2
t5_37jgj,t2_ek1ruai1,2
t5_37jgj,t2_eq0ya1d5,3
t5_37jgj,t2_ftcvhy2q,1
t5_37jgj,t2_g5wlqljo,1
t5_37jgj,t2_g5yai2e4,3
t5_37jgj,t2_gaejv90v,5
t5_37jgj,t2_gc7lc1bq,3
t5_37jgj,t2_gdxwv6jo,4
t5_37jgj,t2_ge85g1fk,3
t5_37jgj,t2_hxiz1em7,1
t5_37jgj,t2_ik3fo7qh,1
t5_37jgj,t2_kgvbwe4v,1
t5_37jgj,t2_lc510tmq,2
t5_37jgj,t2_lr1zdtep,1
t5_37jgj,t2_nfb14wc3,5
t5_37jgj,t2_qi8r18eu,2
t5_37jgj,t2_qoxq7jjc,1
t5_37jgj,t2_qpv8rd4v,5
t5_37jgj,t2_s3k2xlgr,3
t5_37jgj,t2_s5cwx9f1,5
t5_37jgj,t2_s5hsy20b,1
t5_37jgj,t2_sbq7zhbx,1
t5_37jgj,t2_sc5qoxbc,1
t5_37jgj,t2_t1maugea,1
t5_37jgj,t2_t33etdkx,1
t5_37jgj,t2_u1wicswg,1
t5_37jgj,t2_u604gdko,1
t5_37jgj,t2_u9v31jon,2
t5_37jgj,t2_vdxj4vai,1
t5_37jgj,t2_vh3uu9vd,2
t5_37jgj,t2_8p1812ip,1
t5_37jgj,t2_wop6167,4
t5_37jgj,t2_aqcrwkkm,1
t5_37jgj,t2_bi4pqadj,0
t5_37jgj,t2_chlke4bh,1
t5_37jgj,t2_d81og5e8,1
t5_37jgj,t2_eroj78yw,1
t5_37jgj,t2_fv2liu7w,1
t5_37jgj,t2_gn8geeur,1
t5_37jgj,t2_hcefimz9,2
t5_37jgj,t2_ijg3dsk1,2
t5_37jgj,t2_io42ae15,1
t5_37jgj,t2_jtpsuvcw,2
t5_37jgj,t2_llpkrpcj,2
t5_37jgj,t2_lu0ek0jv,1
t5_37jgj,t2_muo7mbz0,2
t5_37jgj,t2_my1btge0,1
t5_37jgj,t2_n3zj0aui,1
t5_37jgj,t2_nem44gjy,2
t5_37jgj,t2_sj3mu6by,2
t5_37jgj,t2_tkzp8tid,3
t5_37jgj,t2_tlus31x0,5
t5_37jgj,t2_tn1nwxj0,1
t5_37jgj,t2_uozvzmar,2
t5_37jgj,t2_vbjo5vb6,1
t5_37jgj,t2_kff6536,5
t5_37jgj,t2_62s8vrzu,47
t5_37jgj,t2_5jbk9x3i,-1
t5_37jgj,t2_81gussn7,8
t5_37jgj,t2_d9ax2tuo,2
t5_37jgj,t2_gk4fc,7
t5_37jgj,t2_eshigfj1,2
t5_37jgj,t2_g2bsen76,1
t5_37jgj,t2_ij1fidlh,0
t5_37jgj,t2_lj1u66no,1
t5_37jgj,t2_p473q651,0
t5_37jgj,t2_t4z53da4,0
t5_37jgj,t2_vdnoziq1,5
t5_37jgj,t2_6wyxfois,1
t5_37jgj,t2_tkrbonwg,1
t5_37jgj,t2_vimna0lf,1
t5_37jgj,t2_yfwt7,4
t5_37jgj,t2_er741,1
t5_37jgj,t2_c1pv8r7d,1
t5_37jgj,t2_egw38myg,1
t5_37jgj,t2_ehz32jof,-1
t5_37jgj,t2_eo6nr6n7,1
t5_37jgj,t2_exyoziq9,2
t5_37jgj,t2_fdivdxwm,1
t5_37jgj,t2_gd6ncsg2,1
t5_37jgj,t2_jfw19biq,1
t5_37jgj,t2_mkspv4iv,0
t5_37jgj,t2_mp7flg8z,3
t5_37jgj,t2_odtdgsut,1
t5_37jgj,t2_r5px9ubt,1
t5_37jgj,t2_s71m05fb,0
t5_37jgj,t2_vdaho640,2
t5_37jgj,t2_kgd9t,1
t5_37jgj,t2_srcxm,3
t5_37jgj,t2_as25qvgi,3
t5_37jgj,t2_diku624p,1
t5_37jgj,t2_gz6z3pl5,4
t5_37jgj,t2_jjgazq8v,6
t5_37jgj,t2_qqmf33bo,1
t5_37jgj,t2_s1k2nt2u,1
t5_37jgj,t2_ueice9k2,1
t5_37jgj,t2_ututtajk,1
t5_37jgj,t2_4bbn8,1
t5_37jgj,t2_4fmkz,1
t5_37jgj,t2_2oudpk5,2
t5_37jgj,t2_rly741ql,2
t5_37jgj,t2_4b5dp,1
t5_37jgj,t2_6uli9,2
t5_37jgj,t2_ljp9g,1
t5_37jgj,t2_pdgmls,1
t5_37jgj,t2_ojhk1rxw,75
t5_37jgj,t2_crcvh,5
t5_37jgj,t2_f4s8id4,2
t5_37jgj,t2_7ib88l7q,43
t5_37jgj,t2_alwuj31j,1
t5_37jgj,t2_bdiebwe6,0
t5_37jgj,t2_e4s6qts1,1
t5_37jgj,t2_e54gx9vl,1
t5_37jgj,t2_ee9m3dp3,1
t5_37jgj,t2_ekdur3hp,1
t5_37jgj,t2_epvpuro7,4
t5_37jgj,t2_er24vpp1,4
t5_37jgj,t2_euqkp05y,1
t5_37jgj,t2_fq93klg8,2
t5_37jgj,t2_koolmsn0,1
t5_37jgj,t2_lr7hhyfv,1
t5_37jgj,t2_s9lowhiv,3
t5_37jgj,t2_sc4aip6z,2
t5_37jgj,t2_ttbq6iqa,894
t5_37jgj,t2_uktk3qau,2
t5_37jgj,t2_jt1umz8lm,244
t5_37jgj,t2_85mtmwsd,399
t5_37jgj,t2_1zk9rapr,2
t5_37jgj,t2_39z2q2z9,1
t5_37jgj,t2_tun826g9,1
t5_37jgj,t2_15bwie,25
t5_37jgj,t2_9b84wupw,261
t5_37jgj,t2_bf5ovyvj,1
t5_37jgj,t2_d92d4vs4,1
t5_37jgj,t2_e6bw7jnz,1
t5_37jgj,t2_folnl0d5,1
t5_37jgj,t2_hs9zfr6m,3
t5_37jgj,t2_i5p6ryyf,1
t5_37jgj,t2_taxgzpc7,1
t5_37jgj,t2_tugeo0nz,2
t5_37jgj,t2_d793n2v,21
t5_37jgj,t2_815wjdcf,1
t5_37jgj,t2_dp469y93,1
t5_37jgj,t2_tkvrf093,1
t5_37jgj,t2_tlh3878g,1
t5_37jgj,t2_tu9sj9od,2
t5_37jgj,t2_b80zo8na,14
t5_37jgj,t2_c1ghtof0,1
t5_37jgj,t2_cvcvi5ns,1
t5_37jgj,t2_f3f8d5wg,2
t5_37jgj,t2_u4fl1665,6
t5_37jgj,t2_b1tfqvkg,1
t5_37jgj,t2_fypvbsti,1
t5_37jgj,t2_jxf8sv4p,1
t5_37jgj,t2_pakl8a5h,1
t5_37jgj,t2_qlfo6t9c,1
t5_37jgj,t2_ud69re74,1
t5_37jgj,t2_uv00c5xo,1
t5_37jgj,t2_4f8g0,2
t5_37jgj,t2_cikfx,11
t5_37jgj,t2_45if4gv7,66
t5_37jgj,t2_8xddntyd,5
t5_37jgj,t2_ej42o2y0,1
t5_37jgj,t2_fcusk8m1,1
t5_37jgj,t2_j4v3rhk4,1
t5_37jgj,t2_uuv0sgup,1
t5_37jgj,t2_8uqh0o0f4,7
t5_37jgj,t2_1fk7qefq,1
t5_37jgj,t2_9j3skq8f,19
t5_37jgj,t2_8m7bg,1
t5_37jgj,t2_osifq,4
t5_37jgj,t2_45awf,1
t5_37jgj,t2_exfri,10
t5_37jgj,t2_89t11ywv,1
t5_37jgj,t2_q8nje95i,8
t5_37jgj,t2_5vurpkap7,14
t5_37jgj,t2_6seoq,1
t5_37jgj,t2_7vu65bmq,1
t5_37jgj,t2_a1cie0cy,2
t5_37jgj,t2_d9t7dayo,1
t5_37jgj,t2_dn2ut13s,0
t5_37jgj,t2_dr2g3a26,1
t5_37jgj,t2_e2v9u57z,1
t5_37jgj,t2_eekvlcr1,1
t5_37jgj,t2_eeq1hpfc,1
t5_37jgj,t2_eylprwie,2
t5_37jgj,t2_f48hwhcd,1
t5_37jgj,t2_gvjr5w8e,2
t5_37jgj,t2_imkoz4oj,1
t5_37jgj,t2_mvevxcrx,1
t5_37jgj,t2_naz7yx2n,1
t5_37jgj,t2_uj3ac205,1
t5_37jgj,t2_vkkznbnk,2
t5_37jgj,t2_88qy6bup,1
t5_37jgj,t2_4rgs8,0
t5_37jgj,t2_lzfny8h5,4
t5_37jgj,t2_8n4tksog,1
t5_37jgj,t2_epoytbd4,3
t5_37jgj,t2_uof4un9f,41
t5_37jgj,t2_806p1oar,1
t5_37jgj,t2_75ut398,1
t5_37jgj,t2_bswzv4yw,2
t5_37jgj,t2_cih38cxo,175
t5_37jgj,t2_de6nrcm5,37
t5_37jgj,t2_alit3pmbv,47
t5_37jgj,t2_i59ee1iyo,8
t5_37jgj,t2_1nndwmcz,10
t5_37jgj,t2_a3xdhov3,0
t5_37jgj,t2_149fmf,0
t5_37jgj,t2_qvb66,1
t5_37jgj,t2_1707l2,1
t5_37jgj,t2_ui3208qq,5
t5_37jgj,t2_69sp2,4
t5_37jgj,t2_dwfi3,6
t5_37jgj,t2_55qkc8pk,2
t5_37jgj,t2_cb4nstah,4
t5_37jgj,t2_chqhk0ty,1
t5_37jgj,t2_ia5m0qt1,1
t5_37jgj,t2_rxmxw47z,3
t5_37jgj,t2_6qwpt,1
t5_37jgj,t2_bdqp2,1
t5_37jgj,t2_f2zbs,3
t5_37jgj,t2_3vi7i5l,1
t5_37jgj,t2_eilpg6m4,1
t5_37jgj,t2_90d7xb09,1
t5_37jgj,t2_rgm948gm,0
t5_37jgj,t2_c8d9x98s,3
t5_37jgj,t2_dwxr166i,57
t5_37jgj,t2_gox6hy3pm,1
t5_37jgj,t2_vu4p5dd4,459
t5_37jgj,t2_acu6pix2,3
t5_37jgj,t2_b1tvy74l,1
t5_37jgj,t2_b6b9b2pb,2
t5_37jgj,t2_b8vmztwd,1
t5_37jgj,t2_ee3o8xy0,1
t5_37jgj,t2_emv06fac,3
t5_37jgj,t2_n7kbvnww,3
t5_37jgj,t2_ohbggjjl,1
t5_37jgj,t2_otttbe55,4
t5_37jgj,t2_tmunejfm,1
t5_37jgj,t2_vgem6llj,5
t5_37jgj,t2_cxi1es8v,4
t5_37jgj,t2_a1jrs84v,-1
t5_37jgj,t2_fe8jazcjy,1
t5_37jgj,t2_eclgkvhe,3
t5_37jgj,t2_37f11mf,0
t5_37jgj,t2_c6nl9bdq,1
t5_37jgj,t2_qlh5lk77,2
t5_37jgj,t2_9fm54nmzw,1
t5_37jgj,t2_vhg9fqkb,1
t5_37jgj,t2_4dhk4nwr,1
t5_37jgj,t2_6hb1bm9g0,5
t5_37jgj,t2_5tcvo81k,-1
t5_37jgj,t2_7wwa5nu4,1
t5_37jgj,t2_ato7emqs,1
t5_37jgj,t2_b0mf7fze,1
t5_37jgj,t2_b7ws7xp9,1
t5_37jgj,t2_c2om048t,1
t5_37jgj,t2_e84lpa97,1
t5_37jgj,t2_ehq1efxj,1
t5_37jgj,t2_g5fk3usi,1
t5_37jgj,t2_gf4kbzfp,3
t5_37jgj,t2_gk96bavh,2
t5_37jgj,t2_gwholxhb,1
t5_37jgj,t2_k4pvbau2,1
t5_37jgj,t2_kmyruatt,0
t5_37jgj,t2_ou7ouc6o,2
t5_37jgj,t2_r48m1qy5,3
t5_37jgj,t2_rxt579nn,1
t5_37jgj,t2_sfnql4oq,-1
t5_37jgj,t2_tegz9tax,2
t5_37jgj,t2_tj00hk5i,1
t5_37jgj,t2_txxczmdb,1
t5_37jgj,t2_u8wu4es6,1
t5_37jgj,t2_ufdu926k,1
t5_37jgj,t2_hxtxvbtbe,56
t5_37jgj,t2_431bgff,0
t5_37jgj,t2_9h5lg7va,1
t5_37jgj,t2_atzkvo8l,1
t5_37jgj,t2_azghvk1d,1
t5_37jgj,t2_b2wua74k,2
t5_37jgj,t2_b4bth2kh,1
t5_37jgj,t2_br61uxg8,1
t5_37jgj,t2_c4rbx2xw,1
t5_37jgj,t2_edrxttgv,1
t5_37jgj,t2_efev8egq,1
t5_37jgj,t2_efg2e9lk,1
t5_37jgj,t2_eg4it8bk,2
t5_37jgj,t2_f7burg2x,4
t5_37jgj,t2_gpslqpdl,2
t5_37jgj,t2_jxotwzqv,1
t5_37jgj,t2_tnsfc19r,1
t5_37jgj,t2_u9mun13x,1
t5_37jgj,t2_vagt8nbd,1
t5_37jgj,t2_vgjka9s4,1
t5_37jgj,t2_vmwqhdff,1
t5_37jgj,t2_8vrvzo9cb,-1
t5_37jgj,t2_kyrdxjsjv,1
t5_37jgj,t2_a1sw4qk5,1
t5_37jgj,t2_wb13p,5
t5_37jgj,t2_aryrhh8j,2
t5_37jgj,t2_6nc1pum9,4
t5_37jgj,t2_a33ikgn0,1
t5_37jgj,t2_aj1zmoja,2
t5_37jgj,t2_aua9mc8j,3
t5_37jgj,t2_bkjojss6,1
t5_37jgj,t2_dhbcpre6,1
t5_37jgj,t2_fp7qc5ut,3
t5_37jgj,t2_fzb0auiy,1
t5_37jgj,t2_g5n9umuc,2
t5_37jgj,t2_hkpahryf,2
t5_37jgj,t2_i7dhviog,2
t5_37jgj,t2_koeyvv1y,3
t5_37jgj,t2_muzrdtpm,3
t5_37jgj,t2_n7idq77k,1
t5_37jgj,t2_n8cnczax,1
t5_37jgj,t2_nda499yn,1
t5_37jgj,t2_crhvp5utr,4
t5_37jgj,t2_503qvgfc,2
t5_37jgj,t2_8556yj2e,4
t5_37jgj,t2_4a8sqsnn,2
t5_37jgj,t2_6h6m8qev,1
t5_37jgj,t2_6p02mdsm,1
t5_37jgj,t2_82pv69eo,2
t5_37jgj,t2_a5zxx0s1,1
t5_37jgj,t2_bt4d2qvk,1
t5_37jgj,t2_c1n1r0hc,5
t5_37jgj,t2_cbs4d8vd,48
t5_37jgj,t2_dgmzdn6l,1
t5_37jgj,t2_dmcow72c,3
t5_37jgj,t2_e3rn94uv,1
t5_37jgj,t2_eaxjxodm,2
t5_37jgj,t2_eei75cot,3
t5_37jgj,t2_eu7wigjo,1
t5_37jgj,t2_evalbj7u,1
t5_37jgj,t2_fhm7h4a7,2
t5_37jgj,t2_gam0k53w,2
t5_37jgj,t2_gqsr3aod,0
t5_37jgj,t2_mzzz8yzp,1
t5_37jgj,t2_sihyp4t8,2
t5_37jgj,t2_so3r63vp,1
t5_37jgj,t2_tjpkobmb,2
t5_37jgj,t2_tm4z396u,1
t5_37jgj,t2_udfetfq5,1
t5_37jgj,t2_uwdff57u,1
t5_37jgj,t2_uzjtbgxh,1
t5_37jgj,t2_v376upvk,1
t5_37jgj,t2_v74q7tyu,0
t5_37jgj,t2_vg830e6a,1
t5_37jgj,t2_8jvghu9t,2
t5_37jgj,t2_c6ynf43w,3
t5_37jgj,t2_cxtpwpby,2
t5_37jgj,t2_d8728qza,2
t5_37jgj,t2_ek9mw08u,1
t5_37jgj,t2_f5l8iwj1,1
t5_37jgj,t2_sezfjnvb,1
t5_37jgj,t2_tkeq7tof,3
t5_37jgj,t2_tokueq6n,1
t5_37jgj,t2_vai410e0,4
t5_37jgj,t2_viirsdjy,2
t5_37jgj,t2_r8sa6b8e,1
t5_37jgj,t2_st7u3xvb,0
t5_37jgj,t2_jwsj1x8g,1
t5_37jgj,t2_etwrxwgg0,68
t5_37jgj,t2_1bas4y3k,3
t5_37jgj,t2_5fjg3,2
t5_37jgj,t2_b48tq,1
t5_37jgj,t2_kkny7,8
t5_37jgj,t2_kw4mo,2
t5_37jgj,t2_15dbxq,4
t5_37jgj,t2_9w9ofyw,224
t5_37jgj,t2_5ab96e8p,1
t5_37jgj,t2_753chc0j,1
t5_37jgj,t2_7rs2340l,2
t5_37jgj,t2_82havoom,1
t5_37jgj,t2_9qcvo135,82
t5_37jgj,t2_adnqk25m,1
t5_37jgj,t2_aejdr7w2,1
t5_37jgj,t2_appi07gv,1
t5_37jgj,t2_auq7rp6m,2
t5_37jgj,t2_b5c9hm0k,2
t5_37jgj,t2_b7c2as2j,1
t5_37jgj,t2_bqrtrgr4,1
t5_37jgj,t2_cio8io4l,1
t5_37jgj,t2_d1qozwej,1
t5_37jgj,t2_deitvjyl,139
t5_37jgj,t2_dm8wypg4,1
t5_37jgj,t2_dpagzu6o,1
t5_37jgj,t2_e2w949uk,1
t5_37jgj,t2_e7n2ljsc,1
t5_37jgj,t2_ec9g0diu,1
t5_37jgj,t2_ejvtpuu6,1
t5_37jgj,t2_eppyzyfq,2
t5_37jgj,t2_exw6pwnz,1
t5_37jgj,t2_eyh6rr6r,157
t5_37jgj,t2_fc0cb8wf,1
t5_37jgj,t2_fcdk7x5t,1
t5_37jgj,t2_fkzn1ong,2
t5_37jgj,t2_fpo5x3i5,1
t5_37jgj,t2_fv8d9dds,1
t5_37jgj,t2_fzrst1g3,1
t5_37jgj,t2_g0rbmiod,1
t5_37jgj,t2_g2l4j7kq,3
t5_37jgj,t2_gbm66jsi,2
t5_37jgj,t2_gs4piss3,1
t5_37jgj,t2_h1ldge1j,1
t5_37jgj,t2_j5dpdqup,1
t5_37jgj,t2_j66e320e,2
t5_37jgj,t2_lrqtmq0y,1
t5_37jgj,t2_oqi5igvq,1
t5_37jgj,t2_s2cg49qp,2
t5_37jgj,t2_sfy759xc,1
t5_37jgj,t2_to95i0fi,1
t5_37jgj,t2_tyz2bbs6,1
t5_37jgj,t2_u8pkntok,2
t5_37jgj,t2_ubuc5nk9,2
t5_37jgj,t2_udtgf4i7,151
t5_37jgj,t2_bmnpoln41,2
t5_37jgj,t2_ga5bth6hs,27
t5_37jgj,t2_hsw00f21t,23
t5_37jgj,t2_i02udlcmk,-1
t5_37jgj,t2_1kho0o7,2
t5_37jgj,t2_6e0dl,22
t5_37jgj,t2_lvu8jewq2,5
t5_37jgj,t2_tvb0zhe6,28
t5_37jgj,t2_lvzat9ttt,-1
t5_37jgj,t2_3yhy040a,2
t5_37jgj,t2_nmes94y7,1
t5_37jgj,t2_7do0e,1
t5_37jgj,t2_6bg4ewbq,10
t5_37jgj,t2_7pq86ade5,2
t5_37jgj,t2_5hu3bjau,2
t5_37jgj,t2_13865u,101
t5_37jgj,t2_cjhmyh9,1
t5_37jgj,t2_fyyel7dg,2
t5_37jgj,t2_bgzda,2
t5_37jgj,t2_egj3p,3
t5_37jgj,t2_j52wt,7
t5_37jgj,t2_xpdjg,-1
t5_37jgj,t2_358m85ss,4
t5_37jgj,t2_3fcq9s1n,1
t5_37jgj,t2_5wq5h0n4,5
t5_37jgj,t2_86e269pa,9
t5_37jgj,t2_a0g4ih1k,1
t5_37jgj,t2_a1zqzskm,2
t5_37jgj,t2_bd36y6a8,3
t5_37jgj,t2_bng6iywn,3
t5_37jgj,t2_dnyfqm1p,1
t5_37jgj,t2_e2p3kzs1,1
t5_37jgj,t2_e96a6ahb,2
t5_37jgj,t2_eh1zvfna,1
t5_37jgj,t2_ehhvcubo,1
t5_37jgj,t2_f3u2ifsi,3
t5_37jgj,t2_gdyz4f2a,4
t5_37jgj,t2_gsoxpnkj,1
t5_37jgj,t2_h0r7xwxz,2
t5_37jgj,t2_i14v9w48,1
t5_37jgj,t2_ijenbswk,1
t5_37jgj,t2_ilwd3ktb,1
t5_37jgj,t2_kok49np1,1
t5_37jgj,t2_lb96oiss,3
t5_37jgj,t2_lxcgjopr,4
t5_37jgj,t2_oobb2lyv,5
t5_37jgj,t2_peblicl0,3
t5_37jgj,t2_qd9q91du,-3
t5_37jgj,t2_s8iqu85i,7
t5_37jgj,t2_sl2t94x0,2
t5_37jgj,t2_sq1sw4fl,1
t5_37jgj,t2_tap4gcgh,1
t5_37jgj,t2_tc8ih54q,2
t5_37jgj,t2_tr1i4o5n,3
t5_37jgj,t2_tub237db,2
t5_37jgj,t2_v8f1ucat,2
t5_37jgj,t2_vhebeth2,2
t5_37jgj,t2_do102f1,27
t5_37jgj,t2_6rgoc,2
t5_37jgj,t2_4x8xgb69,9
t5_37jgj,t2_ap4hq68t,-1
t5_37jgj,t2_bo41fpk9,1
t5_37jgj,t2_c4kexzlv,1
t5_37jgj,t2_cwqu943n,1
t5_37jgj,t2_djzmr1ax,1
t5_37jgj,t2_eer0awta,1
t5_37jgj,t2_eg2okwe9,1
t5_37jgj,t2_em087z8r,1
t5_37jgj,t2_em0u4yrg,1
t5_37jgj,t2_ghn1pdsz,1
t5_37jgj,t2_ghswhx3o,1
t5_37jgj,t2_ip2d9rwz,0
t5_37jgj,t2_lm1o0o7s,1
t5_37jgj,t2_n9iao9q4,1
t5_37jgj,t2_suey4bhb,1
t5_37jgj,t2_uvnrb78n,1
t5_37jgj,t2_vgzwywk2,1
t5_37jgj,t2_vk931g6t,1
t5_37jgj,t2_lhzsb7vn,18
t5_37jgj,t2_mmrhvmd7,563
t5_37jgj,t2_ovr852e5,2
t5_37jgj,t2_rw70aq4w,3
t5_37jgj,t2_fo0xgfarl,1
t5_37jgj,t2_8m8q3ery,3
t5_37jgj,t2_u2xwe,168
t5_37jgj,t2_dl4ipjlg,1
t5_37jgj,t2_f7hsxh1j,31
t5_37jgj,t2_h5beqp7j,-6
t5_37jgj,t2_bwwj9jcc,-1
t5_37jgj,t2_eb3s1nju,41
t5_37jgj,t2_7a5dl4kq,17
t5_37jgj,t2_godms111,0
t5_37jgj,t2_3g3fi,2
t5_37jgj,t2_b1n2vxmps,-5
t5_37jgj,t2_9m3w8,9
t5_37jgj,t2_axdam,20
t5_37jgj,t2_g69p5,6
t5_37jgj,t2_hodhx,1
t5_37jgj,t2_jdp1a,590
t5_37jgj,t2_mrpv5,0
t5_37jgj,t2_o104p,45
t5_37jgj,t2_tv5j0,5
t5_37jgj,t2_50uqneb,134
t5_37jgj,t2_opqbhey,213
t5_37jgj,t2_pxpfecq,244
t5_37jgj,t2_2e2xckez,173
t5_37jgj,t2_2m1nfp2r,257
t5_37jgj,t2_47lokuo6,20
t5_37jgj,t2_82fnr9e8,1
t5_37jgj,t2_83u0qhle,1
t5_37jgj,t2_a9ovo66i,1
t5_37jgj,t2_agt5cokv,3
t5_37jgj,t2_apr6qlps,2
t5_37jgj,t2_axsvyd0d,6
t5_37jgj,t2_d1fr54s6,1
t5_37jgj,t2_d43oe9n2,2
t5_37jgj,t2_d7r4qt3e,492
t5_37jgj,t2_dkzyo3kx,4
t5_37jgj,t2_do6x48nc,3
t5_37jgj,t2_e25osjv0,1
t5_37jgj,t2_e7wmm6or,1
t5_37jgj,t2_efdgygf5,2
t5_37jgj,t2_eheq5tbq,3
t5_37jgj,t2_eifno6l7,1
t5_37jgj,t2_eiz1t5e2,1
t5_37jgj,t2_eo6e4bjs,3
t5_37jgj,t2_evugzyhv,89
t5_37jgj,t2_faxdw5cs,1
t5_37jgj,t2_imbd12jk,1
t5_37jgj,t2_njsrmqer,2
t5_37jgj,t2_qo5u0obu,67
t5_37jgj,t2_qy71n8vj,12
t5_37jgj,t2_tbqlm090,1
t5_37jgj,t2_ti8u0pyk,2
t5_37jgj,t2_tpcv4yfj,1
t5_37jgj,t2_um4p2yo1,3
t5_37jgj,t2_um6f8uh3,2
t5_37jgj,t2_unjtebai,24
t5_37jgj,t2_unwu2cez,224
t5_37jgj,t2_v7atjc34,4
t5_37jgj,t2_vb3axcil,8
t5_37jgj,t2_veeq7glx,1
t5_37jgj,t2_vkjnarkf,1
t5_37jgj,t2_w7ji123l,283
t5_37jgj,t2_hit77zbkb,6
t5_37jgj,t2_hj0xxscoc,1
t5_37jgj,t2_ivq332om8,37
t5_37jgj,t2_a1i67df2,4
t5_37jgj,t2_lpqjxoksg,0
t5_37jgj,t2_9eze4pxp,-1
t5_37jgj,t2_33htg7r,1
t5_37jgj,t2_11fqvm,8
t5_37jgj,t2_ql2vu0wz,3
t5_37jgj,t2_fzrd2b1,1
t5_37jgj,t2_92w1z2qp,0
t5_37jgj,t2_9lgznc63,11
t5_37jgj,t2_he1upcsv,2
t5_37jgj,t2_fizrzihj4,0
t5_37jgj,t2_1odvw8p,81
t5_37jgj,t2_a0o1j0d8,0
t5_37jgj,t2_a8532td8,1
t5_37jgj,t2_d267bm2f,3
t5_37jgj,t2_ekpwudys,0
t5_37jgj,t2_ps5rtyr5,-1
t5_37jgj,t2_vu73e0dg,197
t5_37jgj,t2_kd6vu,0
t5_37jgj,t2_jeaw0,3
t5_37jgj,t2_6cpbm,1
t5_37jgj,t2_aiy9n1ui,3
t5_37jgj,t2_brtmukns,-1
t5_37jgj,t2_bubzwl62,-1
t5_37jgj,t2_cywtfwl4,-1
t5_37jgj,t2_d4juh279,0
t5_37jgj,t2_d7sux9w2,-1
t5_37jgj,t2_dh5di116,-1
t5_37jgj,t2_dlcxt3g8,1
t5_37jgj,t2_dnigg3vk,-1
t5_37jgj,t2_e4opo1y1,-1
t5_37jgj,t2_e84d40rg,-1
t5_37jgj,t2_edkmg6og,-1
t5_37jgj,t2_ewhptfe6,-1
t5_37jgj,t2_eyp6z2kl,-1
t5_37jgj,t2_f2wnc175,0
t5_37jgj,t2_faa1efc6,-1
t5_37jgj,t2_fj9y0sh5,-1
t5_37jgj,t2_fqcgs2j4,-1
t5_37jgj,t2_htjhflho,0
t5_37jgj,t2_iry73abk,-1
t5_37jgj,t2_jze4i0tq,-1
t5_37jgj,t2_kr38axc0,0
t5_37jgj,t2_rhgdfkd8,-1
t5_37jgj,t2_sck29eii,-1
t5_37jgj,t2_sdti7skt,0
t5_37jgj,t2_u1zbljhw,-1
t5_37jgj,t2_uz78yum3,-1
t5_37jgj,t2_v2trcuil,0
t5_37jgj,t2_z3170,0
t5_37jgj,t2_3vpeovno,3
t5_37jgj,t2_c0zii,1
t5_37jgj,t2_6pgck4mz,1
t5_37jgj,t2_ps3q5b2z,1
t5_37jgj,t2_108awc,6
t5_37jgj,t2_108fvg,2
t5_37jgj,t2_119jb3,5
t5_37jgj,t2_o3kbnq0,3
t5_37jgj,t2_pri7r9x,1
t5_37jgj,t2_1e3etanr,1
t5_37jgj,t2_bjb6xedl,2
t5_37jgj,t2_c2ctzun4,51
t5_37jgj,t2_czrmq81p,2
t5_37jgj,t2_dhiqx7c0,1
t5_37jgj,t2_dj5vg75q,0
t5_37jgj,t2_e1vni0go,1
t5_37jgj,t2_e5hkz55e,1
t5_37jgj,t2_einu1dcq,1
t5_37jgj,t2_emh3po7q,1
t5_37jgj,t2_fepjsfxk,3
t5_37jgj,t2_g5lkog04,1
t5_37jgj,t2_ilu7id9w,3
t5_37jgj,t2_juwcaopj,-1
t5_37jgj,t2_k0ojyrl1,3
t5_37jgj,t2_kh517ve5,-4
t5_37jgj,t2_l510bqfd,1
t5_37jgj,t2_lrp53lh5,2
t5_37jgj,t2_niqsrp23,1
t5_37jgj,t2_ueq1833j,2
t5_37jgj,t2_uu8bzntk,2
t5_37jgj,t2_v5v052x4,1
t5_37jgj,t2_vgqbhmpo,3
t5_37jgj,t2_t9xmc,4
t5_37jgj,t2_6g6fxhn,3
t5_37jgj,t2_9zx5f4v6,1
t5_37jgj,t2_a1k583dr,-1
t5_37jgj,t2_aao19v2t,1
t5_37jgj,t2_aual2gc5,1
t5_37jgj,t2_b5fs8fui,1
t5_37jgj,t2_bb6mly3o,1
t5_37jgj,t2_bteh9nug,1
t5_37jgj,t2_d7evxnxq,7
t5_37jgj,t2_dkeg7jxu,1
t5_37jgj,t2_dnxjgpzh,1
t5_37jgj,t2_e4ttgwzy,1
t5_37jgj,t2_eacg6v1r,1
t5_37jgj,t2_ecirobs0,-1
t5_37jgj,t2_eg785x02,1
t5_37jgj,t2_eg7n4psh,1
t5_37jgj,t2_et0zuosd,-1
t5_37jgj,t2_f0och9vu,-1
t5_37jgj,t2_f8llh629,-1
t5_37jgj,t2_fvtejnel,1
t5_37jgj,t2_gj99rmsm,0
t5_37jgj,t2_ile4jxot,0
t5_37jgj,t2_iusoulrw,-1
t5_37jgj,t2_j3zk5ysb,3
t5_37jgj,t2_k23ghddx,1
t5_37jgj,t2_kkikn0wt,2
t5_37jgj,t2_veuqxjwo,1
t5_37jgj,t2_vlfx428e,1
t5_37jgj,t2_ddu1h54q3,1
t5_37jgj,t2_bseev,-4
t5_37jgj,t2_eb9zz63q,56
t5_37jgj,t2_15g8bh,195
t5_37jgj,t2_4zbeklxu,2
t5_37jgj,t2_7xmm0zq8,333
t5_37jgj,t2_7yr129rn,131
t5_37jgj,t2_a39mdogt,6
t5_37jgj,t2_acsqqzrn,1
t5_37jgj,t2_ahc3h3j6,2
t5_37jgj,t2_ao2gxqao,1
t5_37jgj,t2_c6wsgr9s,1
t5_37jgj,t2_d3jkwq9i,1
t5_37jgj,t2_djyd3tjm,1
t5_37jgj,t2_dqavt812,1
t5_37jgj,t2_e4gldoj6,1
t5_37jgj,t2_eczucvvq,2
t5_37jgj,t2_ednu0pjf,3
t5_37jgj,t2_edwbxotn,2
t5_37jgj,t2_eldvgh11,1
t5_37jgj,t2_eoc2kg1b,1
t5_37jgj,t2_erbjow1u,1
t5_37jgj,t2_ex6npiz3,2
t5_37jgj,t2_f834r3h9,11
t5_37jgj,t2_fyo7rl6f,1
t5_37jgj,t2_gedeogi5,4
t5_37jgj,t2_gih3ub57,1
t5_37jgj,t2_j694z9ju,1
t5_37jgj,t2_j9q5src2,1
t5_37jgj,t2_jskuqtgg,1
t5_37jgj,t2_kooxjvn1,1
t5_37jgj,t2_kp1ksq80,1
t5_37jgj,t2_l1enzj3g,1
t5_37jgj,t2_lcus0euz,0
t5_37jgj,t2_n91i0w0x,2
t5_37jgj,t2_o25kmqwk,1
t5_37jgj,t2_oe4iihtj,1
t5_37jgj,t2_rhez5m7v,3
t5_37jgj,t2_smrbbhja,2
t5_37jgj,t2_tm5dfi7x,4
t5_37jgj,t2_vm3fvdgk,2
t5_37jgj,t2_vu80f1n2,18
t5_37jgj,t2_vu81mpx0,1
t5_37jgj,t2_difz8lxe3,14
t5_37jgj,t2_ds1x94nc0,4
t5_37jgj,t2_hdoke72vg,7
t5_37jgj,t2_76ux8,1
t5_37jgj,t2_12ww7o,2
t5_37jgj,t2_aqjorjy9,2
t5_37jgj,t2_bxbq6z13,1
t5_37jgj,t2_cyap5q26,1
t5_37jgj,t2_dnoi7m3u,2
t5_37jgj,t2_e8qxsswz,1
t5_37jgj,t2_fqc578a6,2
t5_37jgj,t2_gssaj3pk,2
t5_37jgj,t2_hd68zj78,1
t5_37jgj,t2_j7qwxwn1,1
t5_37jgj,t2_k2zz8r8y,44
t5_37jgj,t2_mw6vtgda,1
t5_37jgj,t2_okb8jw0p,2
t5_37jgj,t2_vd67a53x,-1
t5_37jgj,t2_3keb5gp0,-1
t5_37jgj,t2_5ws4dust,2
t5_37jgj,t2_7rp9xgcn,1
t5_37jgj,t2_9ynppq5x,2
t5_37jgj,t2_aizfzs65,1
t5_37jgj,t2_bd8uoyic,1
t5_37jgj,t2_bgi4ontr,2
t5_37jgj,t2_bym8ot4g,2
t5_37jgj,t2_c1rh39b5,1
t5_37jgj,t2_c2sc7v9k,1
t5_37jgj,t2_d5simc2m,1
t5_37jgj,t2_dhroh5l0,1
t5_37jgj,t2_dmcc7oyt,1
t5_37jgj,t2_dn5mxrvt,-1
t5_37jgj,t2_e9gflabq,1
t5_37jgj,t2_e9jtp6sf,3
t5_37jgj,t2_efc3rtr1,1
t5_37jgj,t2_ehct9zgi,1
t5_37jgj,t2_ejb1cuh3,1
t5_37jgj,t2_ejq4zqsc,1
t5_37jgj,t2_emsln6ch,1
t5_37jgj,t2_eqgdjsj2,2
t5_37jgj,t2_figahxz3,1
t5_37jgj,t2_fme93xch,0
t5_37jgj,t2_fojvkjz4,1
t5_37jgj,t2_fqimtida,1
t5_37jgj,t2_fzemwqdz,2
t5_37jgj,t2_g00yyjki,1
t5_37jgj,t2_ggtnst2o,1
t5_37jgj,t2_gt8q6yn2,4
t5_37jgj,t2_id873y6w,402
t5_37jgj,t2_khzn91b5,2
t5_37jgj,t2_nxxxy1zs,1
t5_37jgj,t2_ocm7st9r,1
t5_37jgj,t2_tvqhnsrn,1
t5_37jgj,t2_urtpc974,2
t5_37jgj,t2_v9cs8s8p,1
t5_37jgj,t2_bwhps,1
t5_37jgj,t2_leqfe,0
t5_37jgj,t2_j8ajv0iq,1
t5_37jgj,t2_jrviacp4x,0
t5_37jgj,t2_11poxl,0
t5_37jgj,t2_cxan8fyg,8
t5_37jgj,t2_gkxou33uy,1
t5_37jgj,t2_na7pfv5q,1
t5_37jgj,t2_82tpkis1,1
t5_37jgj,t2_d8gnbo01,1
t5_37jgj,t2_ebtwk62r,1
t5_37jgj,t2_ecnkdchf,2
t5_37jgj,t2_edmv7a56,1
t5_37jgj,t2_f5tvejpw,2
t5_37jgj,t2_frfrfj4y,1
t5_37jgj,t2_gi43ojf3,1
t5_37jgj,t2_gmy9wu7j,1
t5_37jgj,t2_h61bv18o,1
t5_37jgj,t2_ttx67447,1
t5_37jgj,t2_uz2dk2js,1
t5_37jgj,t2_ll9bgwgmk,14
t5_37jgj,t2_96kz15rv,0
t5_37jgj,t2_pk8ldp0d,8
t5_37jgj,t2_r5m9f3by,7
t5_37jgj,t2_9pfqnjv2,6
t5_37jgj,t2_vg69ab3z,26
t5_37jgj,t2_ktdxynjgu,285
t5_37jgj,t2_9hcm1,2
t5_37jgj,t2_5f20rq,5
t5_37jgj,t2_4y3wyq4d,12
t5_37jgj,t2_8vkr8tf5,19
t5_37jgj,t2_ajxyskl2,1
t5_37jgj,t2_abpxrpr2p,8
t5_37jgj,t2_km1kf6i3v,4
t5_37jgj,t2_k7t4f7n7v,29
t5_37jgj,t2_20b814s,1
t5_37jgj,t2_d4bf51st,3
t5_37jgj,t2_7cbet3b,2
t5_37jgj,t2_3uzjgb6y,1
t5_37jgj,t2_a1o4z13t,-1
t5_37jgj,t2_j1t23i2i9,3
t5_37jgj,t2_1ttnqpzx,6
t5_37jgj,t2_7abvl2t0,1
t5_37jgj,t2_7t360avy,1
t5_37jgj,t2_7xkuvm6b,1
t5_37jgj,t2_82cndp1s,1
t5_37jgj,t2_a0qidpfn,1
t5_37jgj,t2_a6d19q5r,2
t5_37jgj,t2_aflvkei3,1
t5_37jgj,t2_aim713mt,1
t5_37jgj,t2_an8r4itm,1
t5_37jgj,t2_audm6n5i,1
t5_37jgj,t2_av2vlxbb,15
t5_37jgj,t2_b4vc73ug,1
t5_37jgj,t2_bypij94l,3
t5_37jgj,t2_dhgwa5vd,2
t5_37jgj,t2_di1b4mj2,3
t5_37jgj,t2_dm4w7qbg,1
t5_37jgj,t2_dq83kmye,1
t5_37jgj,t2_e1vccvbq,0
t5_37jgj,t2_eabbhyzu,27
t5_37jgj,t2_eeqq2uw2,1
t5_37jgj,t2_ef36f5r7,1
t5_37jgj,t2_eghyypa7,1
t5_37jgj,t2_epdllg5z,1
t5_37jgj,t2_ez9779ej,1
t5_37jgj,t2_f2du7kfg,1
t5_37jgj,t2_fe32ycmg,1
t5_37jgj,t2_fiyuzr35,2
t5_37jgj,t2_fj9h3r0b,1
t5_37jgj,t2_foxb7m5b,1
t5_37jgj,t2_frjei67z,1
t5_37jgj,t2_fywm8m6c,2
t5_37jgj,t2_g9vbrst4,1
t5_37jgj,t2_gjoff9dp,1
t5_37jgj,t2_gqpg7t4t,5
t5_37jgj,t2_grrvhfnj,1
t5_37jgj,t2_h2wn0ndp,0
t5_37jgj,t2_h8lb0401,1
t5_37jgj,t2_hlz9syiy,4
t5_37jgj,t2_hnmlbblj,2
t5_37jgj,t2_j4c8fsia,2
t5_37jgj,t2_jybsa5sk,1
t5_37jgj,t2_jyus9gb7,1
t5_37jgj,t2_kg1fy2df,1
t5_37jgj,t2_knpuj9mu,1
t5_37jgj,t2_lazq64bk,2
t5_37jgj,t2_lh7fwjyq,1
t5_37jgj,t2_lnj4el9x,1
t5_37jgj,t2_nc5p89mp,3
t5_37jgj,t2_o91ms2ff,2
t5_37jgj,t2_oavga9bk,1
t5_37jgj,t2_oqd64rki,1
t5_37jgj,t2_oqnvau8o,1
t5_37jgj,t2_ssvyhv3p,1
t5_37jgj,t2_tjo3x72v,2
t5_37jgj,t2_tk0vuis3,2
t5_37jgj,t2_tmlq1d2j,1
t5_37jgj,t2_tp72atuw,2
t5_37jgj,t2_tpotxpcw,1
t5_37jgj,t2_trowhz0u,1
t5_37jgj,t2_u7qpn2c1,2
t5_37jgj,t2_ujcb2ulz,1
t5_37jgj,t2_uslj01uj,3
t5_37jgj,t2_uz1igy62,1
t5_37jgj,t2_vgenthm6,27
t5_37jgj,t2_vhw8rl0y,2
t5_37jgj,t2_8p5xxszl7,2
t5_37jgj,t2_hn8tdyo98,4
t5_37jgj,t2_je5f0oilp,252
t5_37jgj,t2_na9fagpz,2
t5_37jgj,t2_a3qm8sle,-1
t5_37jgj,t2_gu6x03,1
t5_37jgj,t2_12q6dl,1
t5_37jgj,t2_3at8k2pk,1
t5_37jgj,t2_a1pbqvxk,3
t5_37jgj,t2_453srsaa,1
t5_37jgj,t2_831uwpfd,2
t5_37jgj,t2_97lcz9lj,-1
t5_37jgj,t2_khm1vwyp,0
t5_37jgj,t2_8z80h6czu,214
t5_37jgj,t2_15myct,28
t5_37jgj,t2_59ona,6
t5_37jgj,t2_2b0gei0,-1
t5_37jgj,t2_okj43kh,1
t5_37jgj,t2_5vjon,20
t5_37jgj,t2_bgn7wo6n,2
t5_37jgj,t2_dmmyizmx,1
t5_37jgj,t2_dndx67fr,1
t5_37jgj,t2_e3b5yxr0,1
t5_37jgj,t2_eigzqj0b,1
t5_37jgj,t2_fkdhaxk5,2
t5_37jgj,t2_fw4f3biu,1
t5_37jgj,t2_m1e0rusz,2
t5_37jgj,t2_nfjgip9x,1
t5_37jgj,t2_s2zzcphv,1
t5_37jgj,t2_tg3nahne,1
t5_37jgj,t2_thjmi3z6,1
t5_37jgj,t2_vcadawok,1
t5_37jgj,t2_h3vtt1xe3,1
t5_37jgj,t2_1ksw6n18,1
t5_37jgj,t2_a44zkoqs,2
t5_37jgj,t2_vyi2yfzd,29
t5_37jgj,t2_w5fomptx,0
t5_37jgj,t2_69py3ukq,3
t5_37jgj,t2_b5dd6,3
t5_37jgj,t2_es66y,178
t5_37jgj,t2_goe5a,0
t5_37jgj,t2_r4uf5,1
t5_37jgj,t2_isixxec,2
t5_37jgj,t2_4nk24ycw,1
t5_37jgj,t2_hhwrxq6o,-1
t5_37jgj,t2_imyd6zw,0
t5_37jgj,t2_e1nz2,1
t5_37jgj,t2_5exdywuo,1
t5_37jgj,t2_66e4eo40,-1
t5_37jgj,t2_4wohwinj,4
t5_37jgj,t2_f2yqxvw9,-2
t5_37jgj,t2_3eebj2v0,85
t5_37jgj,t2_4oikkf3w,278
t5_37jgj,t2_8785bwbd,1
t5_37jgj,t2_b428ufyv,1
t5_37jgj,t2_bsjwzp8y,1
t5_37jgj,t2_dr5piqr8,18
t5_37jgj,t2_efwmhgzi,3
t5_37jgj,t2_exreuemk,1
t5_37jgj,t2_fvqizuay,1
t5_37jgj,t2_fy6fj3xt,2
t5_37jgj,t2_gui2ospf,1
t5_37jgj,t2_l8hbal9f,1
t5_37jgj,t2_su7pawto,4
t5_37jgj,t2_v59rsria,1
t5_37jgj,t2_v5b7t2bk,72
t5_37jgj,t2_v74qsfhh,49
t5_37jgj,t2_78jjdp4iz,8
t5_37jgj,t2_78mzo21ip,19
t5_37jgj,t2_9u9a095jg,12
t5_37jgj,t2_n2dro,1
t5_37jgj,t2_68mza927,2
t5_37jgj,t2_a8id3,24
t5_37jgj,t2_3solt7i1,1
t5_37jgj,t2_7s4hnma2,-3
t5_37jgj,t2_a4m8fvop,9
t5_37jgj,t2_fbkhvzht,13
t5_37jgj,t2_kou69wkk,253
t5_37jgj,t2_p3ihhp79,6
t5_37jgj,t2_7d4sbc184,15
t5_37jgj,t2_c5g8hvcv,6
t5_37jgj,t2_5w3fsyiu,-1
t5_37jgj,t2_5h6s9gzeg,1
t5_37jgj,t2_e7bizbav,-1
t5_37jgj,t2_evsxqqs9,1
t5_37jgj,t2_f5774f57,1
t5_37jgj,t2_g5sq8wwi,0
t5_37jgj,t2_gro31210,1
t5_37jgj,t2_hjhzbwxm,1
t5_37jgj,t2_jlu0b20l,1
t5_37jgj,t2_ko9joyc8,1
t5_37jgj,t2_my70vb2q,1
t5_37jgj,t2_npauvx3p,2
t5_37jgj,t2_sny17f0q,1
t5_37jgj,t2_jbcczl2rx,1
t5_37jgj,t2_ah3j5,35
t5_37jgj,t2_fzasvrv,13
t5_37jgj,t2_grijadj56,6
t5_37jgj,t2_vu71q0bp,8
t5_37jgj,t2_2doe41qu,39
t5_37jgj,t2_45cq6od4,6
t5_37jgj,t2_81wq1mqh,-1
t5_37jgj,t2_9ozniul1,6
t5_37jgj,t2_al9lnz0v,2
t5_37jgj,t2_d84ufttc,2
t5_37jgj,t2_dk0r8w40,1
t5_37jgj,t2_dkau1gz4,1
t5_37jgj,t2_e4b36xae,2
t5_37jgj,t2_e8wg4zoa,1
t5_37jgj,t2_ec9t21fo,-1
t5_37jgj,t2_eccttdro,1
t5_37jgj,t2_evi4fqkb,1
t5_37jgj,t2_fby33ydm,1
t5_37jgj,t2_fd1fzfl5,1
t5_37jgj,t2_g5orvnhk,2
t5_37jgj,t2_gcx1724d,1
t5_37jgj,t2_gcz5g0cd,2
t5_37jgj,t2_gzfob5fc,2
t5_37jgj,t2_iscqnu32,2
t5_37jgj,t2_k6pdlbbj,2
t5_37jgj,t2_lbb6d3bo,3
t5_37jgj,t2_o7ywvgfg,1
t5_37jgj,t2_omfc3q5l,2
t5_37jgj,t2_tocyaosh,1
t5_37jgj,t2_ufettey3,5
t5_37jgj,t2_vhx1qgow,3
t5_37jgj,t2_gkobl2iox,2
t5_37jgj,t2_grwu80uvf,1
t5_37jgj,t2_gryo7w6kr,2
t5_37jgj,t2_icovfbfws,1
t5_37jgj,t2_igi0iojt6,3
t5_37jgj,t2_2swdxx5w,-1
t5_37jgj,t2_5q61ggxi,39
t5_37jgj,t2_crv0ht6q,1
t5_37jgj,t2_e9tzqhlh,3
t5_37jgj,t2_mo434aq1,0
t5_37jgj,t2_hzbu8,3
t5_37jgj,t2_l8is2gjn,1
t5_37jgj,t2_gim26,5
t5_37jgj,t2_rgszt6qj,-1
t5_37jgj,t2_9ua53rsiz,3
t5_37jgj,t2_9mzxcavw,-2
t5_37jgj,t2_vu4koi6l,75
t5_37jgj,t2_hxor2abt9,11
t5_37jgj,t2_idydx3kml,2
t5_37jgj,t2_ieu0xwt2i,6
t5_37jgj,t2_igisxa8uj,0
t5_37jgj,t2_u3mx6,1
t5_37jgj,t2_18isib0e,19
t5_37jgj,t2_1r7f82pc,2
t5_37jgj,t2_c5w5z9un,2
t5_37jgj,t2_ffoaf,-3
t5_37jgj,t2_dsikt,1
t5_37jgj,t2_2d5srda,1
t5_37jgj,t2_bxfk5ql9,-1
t5_37jgj,t2_d914674t,2
t5_37jgj,t2_3qo75byi,2
t5_37jgj,t2_mbs1tjus,1
t5_37jgj,t2_kxspym8s,1
t5_37jgj,t2_42x55d2e,1
t5_37jgj,t2_as6zolqq,78
t5_37jgj,t2_j4uyw,2
t5_37jgj,t2_111hsy,3
t5_37jgj,t2_2kmvulza,2
t5_37jgj,t2_9idyghzp,12
t5_37jgj,t2_c12l85xc,4
t5_37jgj,t2_rjjmhyz2,4
t5_37jgj,t2_fdekiucdp,1
t5_37jgj,t2_p5e91,11
t5_37jgj,t2_12ov9n65,4
t5_37jgj,t2_1llazsyk,2
t5_37jgj,t2_h69pxj6fl,4
t5_37jgj,t2_icnpvdvm3,5
t5_37jgj,t2_iet360yei,1
t5_37jgj,t2_ieue5p4iy,11
t5_37jgj,t2_lrf65cfu4,1
t5_37jgj,t2_129s45,1
t5_37jgj,t2_2qi153ad,1
t5_37jgj,t2_qqtc2p2k,1
t5_37jgj,t2_4ynoj6qc,1
t5_37jgj,t2_b1tubvoz,2
t5_37jgj,t2_7apcoatke,1
t5_37jgj,t2_89vsf,0
t5_37jgj,t2_qvhj4t8a,0
t5_37jgj,t2_5sydsu8w,13
t5_37jgj,t2_7jx79o7h,4
t5_37jgj,t2_9qvn09n6,3
t5_37jgj,t2_bftmb9c1s,2
t5_37jgj,t2_52znk,1
t5_37jgj,t2_kyrv6,3
t5_37jgj,t2_l2dj5,1
t5_37jgj,t2_on0cp,5
t5_37jgj,t2_2z50oqeq,3
t5_37jgj,t2_4d84iq2p,13
t5_37jgj,t2_6hxxmo08,4
t5_37jgj,t2_7zploe9h,3
t5_37jgj,t2_adks17de,2
t5_37jgj,t2_gu84jx3n,33
t5_37jgj,t2_ia8typ6q4,4
t5_37jgj,t2_iv6v16dr5,1
t5_37jgj,t2_k3hoba3oh,5
t5_37jgj,t2_d8nkru0n,2
t5_37jgj,t2_epnkg,1
t5_37jgj,t2_d3fw7xic,1
t5_37jgj,t2_kabuf,6
t5_37jgj,t2_1tv9rcow,1
t5_37jgj,t2_r0rmp5tg,3
t5_37jgj,t2_8hwd4r4b,0
t5_37jgj,t2_8kwmr22k,1
t5_37jgj,t2_iob6x,2
t5_37jgj,t2_a1asjms9,4
t5_37jgj,t2_tf2s5c4s,6
t5_37jgj,t2_36vrrv4p,1
t5_37jgj,t2_89uajm3k,1
t5_37jgj,t2_a08koc36,1
t5_37jgj,t2_f5qum,0
t5_37jgj,t2_luuk3ya4,11
